car_ID,symboling,CarName,wheelbase,carlength,carwidth,carheight,curbweight,enginetype,cylindernumber,enginesize,fuelsystem,boreratio,stroke,compressionratio,horsepower,peakrpm,citympg,highwaympg,price,fueltype_gas,aspiration_turbo,doornumber_two,carbody_hardtop,carbody_hatchback,carbody_sedan,carbody_wagon,drivewheel_fwd,drivewheel_rwd,enginelocation_rear,price_to_horsepower,price_to_weight,car_brand_audi,car_brand_bmw,car_brand_buick,car_brand_chevrolet,car_brand_dodge,car_brand_honda,car_brand_isuzu,car_brand_jaguar,car_brand_mazda,car_brand_mercury,car_brand_mitsubishi,car_brand_nissan,car_brand_peugeot,car_brand_plymouth,car_brand_porcshce,car_brand_porsche,car_brand_renault,car_brand_saab,car_brand_subaru,car_brand_toyota,car_brand_toyouta,car_brand_vokswagen,car_brand_volkswagen,car_brand_volvo,car_brand_vw,car_model,car_brand_audi,car_brand_bmw,car_brand_buick,car_brand_chevrolet,car_brand_dodge,car_brand_honda,car_brand_isuzu,car_brand_jaguar,car_brand_mazda,car_brand_mercury,car_brand_mitsubishi,car_brand_nissan,car_brand_peugeot,car_brand_plymouth,car_brand_porsche,car_brand_renault,car_brand_saab,car_brand_subaru,car_brand_toyota,car_brand_volkswagen,car_brand_volvo,car_brand
1,3,alfa-romero giulia,88.6,168.8,64.1,48.8,2548,dohc,four,130,mpfi,3.47,2.68,9.0,111,5000,21,27,13495.0,True,False,True,False,False,False,False,False,True,False,121.57657657657657,5.296310832025117,False,False,False,False,False,False,False,False,False,False,False,False,False,False,False,False,False,False,False,False,False,False,False,False,False,giulia,False,False,False,False,False,False,False,False,False,False,False,False,False,False,False,False,False,False,False,False,False,alfa-romero
2,3,alfa-romero stelvio,88.6,168.8,64.1,48.8,2548,dohc,four,130,mpfi,3.47,2.68,9.0,111,5000,21,27,16500.0,True,False,True,False,False,False,False,False,True,False,148.64864864864865,6.475667189952905,False,False,False,False,False,False,False,False,False,False,False,False,False,False,False,False,False,False,False,False,False,False,False,False,False,stelvio,False,False,False,False,False,False,False,False,False,False,False,False,False,False,False,False,False,False,False,False,False,alfa-romero
3,1,alfa-romero quadrifoglio,94.5,171.2,65.5,52.4,2823,ohcv,six,152,mpfi,2.68,3.47,9.0,154,5000,19,26,16500.0,True,False,True,False,True,False,False,False,True,False,107.14285714285714,5.844845908607864,False,False,False,False,False,False,False,False,False,False,False,False,False,False,False,False,False,False,False,False,False,False,False,False,False,quadrifoglio,False,False,False,False,False,False,False,False,False,False,False,False,False,False,False,False,False,False,False,False,False,alfa-romero
4,2,audi 100 ls,99.8,176.6,66.2,54.3,2337,ohc,four,109,mpfi,3.19,3.4,10.0,102,5500,24,30,13950.0,True,False,False,False,False,True,False,True,False,False,136.76470588235293,5.969191270860077,True,False,False,False,False,False,False,False,False,False,False,False,False,False,False,False,False,False,False,False,False,False,False,False,False,100 ls,True,False,False,False,False,False,False,False,False,False,False,False,False,False,False,False,False,False,False,False,False,audi
5,2,audi 100ls,99.4,176.6,66.4,54.3,2824,ohc,five,136,mpfi,3.19,3.4,8.0,115,5500,18,22,17450.0,True,False,False,False,False,True,False,False,False,False,151.7391304347826,6.179178470254958,True,False,False,False,False,False,False,False,False,False,False,False,False,False,False,False,False,False,False,False,False,False,False,False,False,100ls,True,False,False,False,False,False,False,False,False,False,False,False,False,False,False,False,False,False,False,False,False,audi
6,2,audi fox,99.8,177.3,66.3,53.1,2507,ohc,five,136,mpfi,3.19,3.4,8.5,110,5500,19,25,15250.0,True,False,True,False,False,True,False,True,False,False,138.63636363636363,6.082967690466694,True,False,False,False,False,False,False,False,False,False,False,False,False,False,False,False,False,False,False,False,False,False,False,False,False,fox,True,False,False,False,False,False,False,False,False,False,False,False,False,False,False,False,False,False,False,False,False,audi
7,1,audi 100ls,105.8,192.7,71.4,55.7,2844,ohc,five,136,mpfi,3.19,3.4,8.5,110,5500,19,25,17710.0,True,False,False,False,False,True,False,True,False,False,161.0,6.227144866385372,True,False,False,False,False,False,False,False,False,False,False,False,False,False,False,False,False,False,False,False,False,False,False,False,False,100ls,True,False,False,False,False,False,False,False,False,False,False,False,False,False,False,False,False,False,False,False,False,audi
8,1,audi 5000,105.8,192.7,71.4,55.7,2954,ohc,five,136,mpfi,3.19,3.4,8.5,110,5500,19,25,18920.0,True,False,False,False,False,False,True,True,False,False,172.0,6.404874746106974,True,False,False,False,False,False,False,False,False,False,False,False,False,False,False,False,False,False,False,False,False,False,False,False,False,5000,True,False,False,False,False,False,False,False,False,False,False,False,False,False,False,False,False,False,False,False,False,audi
9,1,audi 4000,105.8,192.7,71.4,55.9,3086,ohc,five,131,mpfi,3.13,3.4,8.3,140,5500,17,20,23875.0,True,True,False,False,False,True,False,True,False,False,170.53571428571428,7.736552171095269,True,False,False,False,False,False,False,False,False,False,False,False,False,False,False,False,False,False,False,False,False,False,False,False,False,4000,True,False,False,False,False,False,False,False,False,False,False,False,False,False,False,False,False,False,False,False,False,audi
10,0,audi 5000s (diesel),99.5,178.2,67.9,52.0,3053,ohc,five,131,mpfi,3.13,3.4,7.0,160,5500,16,22,17859.167,True,True,True,False,True,False,False,False,False,False,111.61979375000001,5.8497107762856215,True,False,False,False,False,False,False,False,False,False,False,False,False,False,False,False,False,False,False,False,False,False,False,False,False,5000s (diesel),True,False,False,False,False,False,False,False,False,False,False,False,False,False,False,False,False,False,False,False,False,audi
11,2,bmw 320i,101.2,176.8,64.8,54.3,2395,ohc,four,108,mpfi,3.5,2.8,8.8,101,5800,23,29,16430.0,True,False,True,False,False,True,False,False,True,False,162.67326732673268,6.860125260960334,False,True,False,False,False,False,False,False,False,False,False,False,False,False,False,False,False,False,False,False,False,False,False,False,False,320i,False,True,False,False,False,False,False,False,False,False,False,False,False,False,False,False,False,False,False,False,False,bmw
12,0,bmw 320i,101.2,176.8,64.8,54.3,2395,ohc,four,108,mpfi,3.5,2.8,8.8,101,5800,23,29,16925.0,True,False,False,False,False,True,False,False,True,False,167.5742574257426,7.066805845511483,False,True,False,False,False,False,False,False,False,False,False,False,False,False,False,False,False,False,False,False,False,False,False,False,False,320i,False,True,False,False,False,False,False,False,False,False,False,False,False,False,False,False,False,False,False,False,False,bmw
13,0,bmw x1,101.2,176.8,64.8,54.3,2710,ohc,six,164,mpfi,3.31,3.19,9.0,121,4250,21,28,20970.0,True,False,True,False,False,True,False,False,True,False,173.30578512396696,7.7380073800738005,False,True,False,False,False,False,False,False,False,False,False,False,False,False,False,False,False,False,False,False,False,False,False,False,False,x1,False,True,False,False,False,False,False,False,False,False,False,False,False,False,False,False,False,False,False,False,False,bmw
14,0,bmw x3,101.2,176.8,64.8,54.3,2765,ohc,six,164,mpfi,3.31,3.19,9.0,121,4250,21,28,21105.0,True,False,False,False,False,True,False,False,True,False,174.4214876033058,7.632911392405063,False,True,False,False,False,False,False,False,False,False,False,False,False,False,False,False,False,False,False,False,False,False,False,False,False,x3,False,True,False,False,False,False,False,False,False,False,False,False,False,False,False,False,False,False,False,False,False,bmw
15,1,bmw z4,103.5,189.0,66.9,55.7,3055,ohc,six,164,mpfi,3.31,3.19,9.0,121,4250,20,25,24565.0,True,False,False,False,False,True,False,False,True,False,203.01652892561984,8.040916530278233,False,True,False,False,False,False,False,False,False,False,False,False,False,False,False,False,False,False,False,False,False,False,False,False,False,z4,False,True,False,False,False,False,False,False,False,False,False,False,False,False,False,False,False,False,False,False,False,bmw
16,0,bmw x4,103.5,189.0,66.9,55.7,3230,ohc,six,209,mpfi,3.62,3.39,8.0,182,5400,16,22,30760.0,True,False,False,False,False,True,False,False,True,False,169.01098901098902,9.523219814241486,False,True,False,False,False,False,False,False,False,False,False,False,False,False,False,False,False,False,False,False,False,False,False,False,False,x4,False,True,False,False,False,False,False,False,False,False,False,False,False,False,False,False,False,False,False,False,False,bmw
17,0,bmw x5,103.5,193.8,67.9,53.7,3380,ohc,six,209,mpfi,3.62,3.39,8.0,182,5400,16,22,41315.0,True,False,True,False,False,True,False,False,True,False,227.0054945054945,12.22337278106509,False,True,False,False,False,False,False,False,False,False,False,False,False,False,False,False,False,False,False,False,False,False,False,False,False,x5,False,True,False,False,False,False,False,False,False,False,False,False,False,False,False,False,False,False,False,False,False,bmw
18,0,bmw x3,110.0,197.0,70.9,56.3,3505,ohc,six,209,mpfi,3.62,3.39,8.0,182,5400,15,20,36880.0,True,False,False,False,False,True,False,False,True,False,202.63736263736263,10.522111269614836,False,True,False,False,False,False,False,False,False,False,False,False,False,False,False,False,False,False,False,False,False,False,False,False,False,x3,False,True,False,False,False,False,False,False,False,False,False,False,False,False,False,False,False,False,False,False,False,bmw
19,2,chevrolet impala,88.4,141.1,60.3,53.2,1488,l,three,61,2bbl,2.91,3.03,9.5,48,5100,47,53,5151.0,True,False,True,False,True,False,False,True,False,False,107.3125,3.461693548387097,False,False,False,True,False,False,False,False,False,False,False,False,False,False,False,False,False,False,False,False,False,False,False,False,False,impala,False,False,False,True,False,False,False,False,False,False,False,False,False,False,False,False,False,False,False,False,False,chevrolet
20,1,chevrolet monte carlo,94.5,155.9,63.6,52.0,1874,ohc,four,90,2bbl,3.03,3.11,9.6,70,5400,38,43,6295.0,True,False,True,False,True,False,False,True,False,False,89.92857142857143,3.3591248665955176,False,False,False,True,False,False,False,False,False,False,False,False,False,False,False,False,False,False,False,False,False,False,False,False,False,monte carlo,False,False,False,True,False,False,False,False,False,False,False,False,False,False,False,False,False,False,False,False,False,chevrolet
21,0,chevrolet vega 2300,94.5,158.8,63.6,52.0,1909,ohc,four,90,2bbl,3.03,3.11,9.6,70,5400,38,43,6575.0,True,False,False,False,False,True,False,True,False,False,93.92857142857143,3.4442116291251965,False,False,False,True,False,False,False,False,False,False,False,False,False,False,False,False,False,False,False,False,False,False,False,False,False,vega 2300,False,False,False,True,False,False,False,False,False,False,False,False,False,False,False,False,False,False,False,False,False,chevrolet
22,1,dodge rampage,93.7,157.3,63.8,50.8,1876,ohc,four,90,2bbl,2.97,3.23,9.41,68,5500,37,41,5572.0,True,False,True,False,True,False,False,True,False,False,81.94117647058823,2.970149253731343,False,False,False,False,True,False,False,False,False,False,False,False,False,False,False,False,False,False,False,False,False,False,False,False,False,rampage,False,False,False,False,True,False,False,False,False,False,False,False,False,False,False,False,False,False,False,False,False,dodge
23,1,dodge challenger se,93.7,157.3,63.8,50.8,1876,ohc,four,90,2bbl,2.97,3.23,9.4,68,5500,31,38,6377.0,True,False,True,False,True,False,False,True,False,False,93.77941176470588,3.3992537313432836,False,False,False,False,True,False,False,False,False,False,False,False,False,False,False,False,False,False,False,False,False,False,False,False,False,challenger se,False,False,False,False,True,False,False,False,False,False,False,False,False,False,False,False,False,False,False,False,False,dodge
24,1,dodge d200,93.7,157.3,63.8,50.8,2128,ohc,four,98,mpfi,3.03,3.39,7.6,102,5500,24,30,7957.0,True,True,True,False,True,False,False,True,False,False,78.00980392156863,3.7391917293233083,False,False,False,False,True,False,False,False,False,False,False,False,False,False,False,False,False,False,False,False,False,False,False,False,False,d200,False,False,False,False,True,False,False,False,False,False,False,False,False,False,False,False,False,False,False,False,False,dodge
25,1,dodge monaco (sw),93.7,157.3,63.8,50.6,1967,ohc,four,90,2bbl,2.97,3.23,9.4,68,5500,31,38,6229.0,True,False,False,False,True,False,False,True,False,False,91.6029411764706,3.166751398068124,False,False,False,False,True,False,False,False,False,False,False,False,False,False,False,False,False,False,False,False,False,False,False,False,False,monaco (sw),False,False,False,False,True,False,False,False,False,False,False,False,False,False,False,False,False,False,False,False,False,dodge
26,1,dodge colt hardtop,93.7,157.3,63.8,50.6,1989,ohc,four,90,2bbl,2.97,3.23,9.4,68,5500,31,38,6692.0,True,False,False,False,False,True,False,True,False,False,98.41176470588235,3.364504776269482,False,False,False,False,True,False,False,False,False,False,False,False,False,False,False,False,False,False,False,False,False,False,False,False,False,colt hardtop,False,False,False,False,True,False,False,False,False,False,False,False,False,False,False,False,False,False,False,False,False,dodge
27,1,dodge colt (sw),93.7,157.3,63.8,50.6,1989,ohc,four,90,2bbl,2.97,3.23,9.4,68,5500,31,38,7609.0,True,False,False,False,False,True,False,True,False,False,111.8970588235294,3.8255404725992963,False,False,False,False,True,False,False,False,False,False,False,False,False,False,False,False,False,False,False,False,False,False,False,False,False,colt (sw),False,False,False,False,True,False,False,False,False,False,False,False,False,False,False,False,False,False,False,False,False,dodge
28,1,dodge coronet custom,93.7,157.3,63.8,50.6,2191,ohc,four,98,mpfi,3.03,3.39,7.6,102,5500,24,30,8558.0,True,True,True,False,False,True,False,True,False,False,83.90196078431373,3.9059790050205385,False,False,False,False,True,False,False,False,False,False,False,False,False,False,False,False,False,False,False,False,False,False,False,False,False,coronet custom,False,False,False,False,True,False,False,False,False,False,False,False,False,False,False,False,False,False,False,False,False,dodge
29,-1,dodge dart custom,103.3,174.6,64.6,59.8,2535,ohc,four,122,2bbl,3.34,3.46,8.5,88,5000,24,30,8921.0,True,False,False,False,False,False,True,True,False,False,101.375,3.5191321499013806,False,False,False,False,True,False,False,False,False,False,False,False,False,False,False,False,False,False,False,False,False,False,False,False,False,dart custom,False,False,False,False,True,False,False,False,False,False,False,False,False,False,False,False,False,False,False,False,False,dodge
30,3,dodge coronet custom (sw),95.9,173.2,66.3,50.2,2811,ohc,four,156,mfi,3.6,3.9,7.0,145,5000,19,24,12964.0,True,True,True,False,True,False,False,True,False,False,89.40689655172413,4.611881892564924,False,False,False,False,True,False,False,False,False,False,False,False,False,False,False,False,False,False,False,False,False,False,False,False,False,coronet custom (sw),False,False,False,False,True,False,False,False,False,False,False,False,False,False,False,False,False,False,False,False,False,dodge
31,2,honda civic,86.6,144.6,63.9,50.8,1713,ohc,four,92,1bbl,2.91,3.41,9.6,58,4800,49,54,6479.0,True,False,True,False,True,False,False,True,False,False,111.70689655172414,3.78225335668418,False,False,False,False,False,True,False,False,False,False,False,False,False,False,False,False,False,False,False,False,False,False,False,False,False,civic,False,False,False,False,False,True,False,False,False,False,False,False,False,False,False,False,False,False,False,False,False,honda
32,2,honda civic cvcc,86.6,144.6,63.9,50.8,1819,ohc,four,92,1bbl,2.91,3.41,9.2,76,6000,31,38,6855.0,True,False,True,False,True,False,False,True,False,False,90.19736842105263,3.7685541506322155,False,False,False,False,False,True,False,False,False,False,False,False,False,False,False,False,False,False,False,False,False,False,False,False,False,civic cvcc,False,False,False,False,False,True,False,False,False,False,False,False,False,False,False,False,False,False,False,False,False,honda
33,1,honda civic,93.7,150.0,64.0,52.6,1837,ohc,four,79,1bbl,2.91,3.07,10.1,60,5500,38,42,5399.0,True,False,True,False,True,False,False,True,False,False,89.98333333333333,2.9390310288513883,False,False,False,False,False,True,False,False,False,False,False,False,False,False,False,False,False,False,False,False,False,False,False,False,False,civic,False,False,False,False,False,True,False,False,False,False,False,False,False,False,False,False,False,False,False,False,False,honda
34,1,honda accord cvcc,93.7,150.0,64.0,52.6,1940,ohc,four,92,1bbl,2.91,3.41,9.2,76,6000,30,34,6529.0,True,False,True,False,True,False,False,True,False,False,85.90789473684211,3.3654639175257732,False,False,False,False,False,True,False,False,False,False,False,False,False,False,False,False,False,False,False,False,False,False,False,False,False,accord cvcc,False,False,False,False,False,True,False,False,False,False,False,False,False,False,False,False,False,False,False,False,False,honda
35,1,honda civic cvcc,93.7,150.0,64.0,52.6,1956,ohc,four,92,1bbl,2.91,3.41,9.2,76,6000,30,34,7129.0,True,False,True,False,True,False,False,True,False,False,93.80263157894737,3.644683026584867,False,False,False,False,False,True,False,False,False,False,False,False,False,False,False,False,False,False,False,False,False,False,False,False,False,civic cvcc,False,False,False,False,False,True,False,False,False,False,False,False,False,False,False,False,False,False,False,False,False,honda
36,0,honda accord lx,96.5,163.4,64.0,54.5,2010,ohc,four,92,1bbl,2.91,3.41,9.2,76,6000,30,34,7295.0,True,False,False,False,False,True,False,True,False,False,95.98684210526316,3.629353233830846,False,False,False,False,False,True,False,False,False,False,False,False,False,False,False,False,False,False,False,False,False,False,False,False,False,accord lx,False,False,False,False,False,True,False,False,False,False,False,False,False,False,False,False,False,False,False,False,False,honda
37,0,honda civic 1500 gl,96.5,157.1,63.9,58.3,2024,ohc,four,92,1bbl,2.92,3.41,9.2,76,6000,30,34,7295.0,True,False,False,False,False,False,True,True,False,False,95.98684210526316,3.6042490118577075,False,False,False,False,False,True,False,False,False,False,False,False,False,False,False,False,False,False,False,False,False,False,False,False,False,civic 1500 gl,False,False,False,False,False,True,False,False,False,False,False,False,False,False,False,False,False,False,False,False,False,honda
38,0,honda accord,96.5,167.5,65.2,53.3,2236,ohc,four,110,1bbl,3.15,3.58,9.0,86,5800,27,33,7895.0,True,False,True,False,True,False,False,True,False,False,91.80232558139535,3.5308586762075134,False,False,False,False,False,True,False,False,False,False,False,False,False,False,False,False,False,False,False,False,False,False,False,False,False,accord,False,False,False,False,False,True,False,False,False,False,False,False,False,False,False,False,False,False,False,False,False,honda
39,0,honda civic 1300,96.5,167.5,65.2,53.3,2289,ohc,four,110,1bbl,3.15,3.58,9.0,86,5800,27,33,9095.0,True,False,True,False,True,False,False,True,False,False,105.75581395348837,3.9733508082131936,False,False,False,False,False,True,False,False,False,False,False,False,False,False,False,False,False,False,False,False,False,False,False,False,False,civic 1300,False,False,False,False,False,True,False,False,False,False,False,False,False,False,False,False,False,False,False,False,False,honda
40,0,honda prelude,96.5,175.4,65.2,54.1,2304,ohc,four,110,1bbl,3.15,3.58,9.0,86,5800,27,33,8845.0,True,False,False,False,False,True,False,True,False,False,102.84883720930233,3.8389756944444446,False,False,False,False,False,True,False,False,False,False,False,False,False,False,False,False,False,False,False,False,False,False,False,False,False,prelude,False,False,False,False,False,True,False,False,False,False,False,False,False,False,False,False,False,False,False,False,False,honda
41,0,honda accord,96.5,175.4,62.5,54.1,2372,ohc,four,110,1bbl,3.15,3.58,9.0,86,5800,27,33,10295.0,True,False,False,False,False,True,False,True,False,False,119.70930232558139,4.340219224283305,False,False,False,False,False,True,False,False,False,False,False,False,False,False,False,False,False,False,False,False,False,False,False,False,False,accord,False,False,False,False,False,True,False,False,False,False,False,False,False,False,False,False,False,False,False,False,False,honda
42,0,honda civic,96.5,175.4,65.2,54.1,2465,ohc,four,110,mpfi,3.15,3.58,9.0,101,5800,24,28,12945.0,True,False,False,False,False,True,False,True,False,False,128.16831683168317,5.251521298174442,False,False,False,False,False,True,False,False,False,False,False,False,False,False,False,False,False,False,False,False,False,False,False,False,False,civic,False,False,False,False,False,True,False,False,False,False,False,False,False,False,False,False,False,False,False,False,False,honda
43,1,honda civic (auto),96.5,169.1,66.0,51.0,2293,ohc,four,110,2bbl,3.15,3.58,9.1,100,5500,25,31,10345.0,True,False,True,False,False,True,False,True,False,False,103.45,4.51155691234191,False,False,False,False,False,True,False,False,False,False,False,False,False,False,False,False,False,False,False,False,False,False,False,False,False,civic (auto),False,False,False,False,False,True,False,False,False,False,False,False,False,False,False,False,False,False,False,False,False,honda
44,0,isuzu mu-x,94.3,170.7,61.8,53.5,2337,ohc,four,111,2bbl,3.31,3.23,8.5,78,4800,24,29,6785.0,True,False,False,False,False,True,False,False,True,False,86.98717948717949,2.9032948224219086,False,False,False,False,False,False,True,False,False,False,False,False,False,False,False,False,False,False,False,False,False,False,False,False,False,mu-x,False,False,False,False,False,False,True,False,False,False,False,False,False,False,False,False,False,False,False,False,False,isuzu
45,1,isuzu d-max,94.5,155.9,63.6,52.0,1874,ohc,four,90,2bbl,3.03,3.11,9.6,70,5400,38,43,8916.5,True,False,True,False,False,True,False,True,False,False,127.37857142857143,4.758004268943436,False,False,False,False,False,False,True,False,False,False,False,False,False,False,False,False,False,False,False,False,False,False,False,False,False,d-max,False,False,False,False,False,False,True,False,False,False,False,False,False,False,False,False,False,False,False,False,False,isuzu
46,0,isuzu d-max v-cross,94.5,155.9,63.6,52.0,1909,ohc,four,90,2bbl,3.03,3.11,9.6,70,5400,38,43,8916.5,True,False,False,False,False,True,False,True,False,False,127.37857142857143,4.670770036668412,False,False,False,False,False,False,True,False,False,False,False,False,False,False,False,False,False,False,False,False,False,False,False,False,False,d-max v-cross,False,False,False,False,False,False,True,False,False,False,False,False,False,False,False,False,False,False,False,False,False,isuzu
47,2,isuzu d-max,96.0,172.6,65.2,51.4,2734,ohc,four,119,spfi,3.43,3.23,9.2,90,5000,24,29,11048.0,True,False,True,False,True,False,False,False,True,False,122.75555555555556,4.040965618141916,False,False,False,False,False,False,True,False,False,False,False,False,False,False,False,False,False,False,False,False,False,False,False,False,False,d-max,False,False,False,False,False,False,True,False,False,False,False,False,False,False,False,False,False,False,False,False,False,isuzu
48,0,jaguar xj,113.0,199.6,69.6,52.8,4066,dohc,six,258,mpfi,3.63,4.17,8.1,176,4750,15,19,32250.0,True,False,False,False,False,True,False,False,True,False,183.23863636363637,7.9316281357599605,False,False,False,False,False,False,False,True,False,False,False,False,False,False,False,False,False,False,False,False,False,False,False,False,False,xj,False,False,False,False,False,False,False,True,False,False,False,False,False,False,False,False,False,False,False,False,False,jaguar
49,0,jaguar xf,113.0,199.6,69.6,52.8,4066,dohc,six,258,mpfi,3.63,4.17,8.1,176,4750,15,19,35550.0,True,False,False,False,False,True,False,False,True,False,201.98863636363637,8.743236596163305,False,False,False,False,False,False,False,True,False,False,False,False,False,False,False,False,False,False,False,False,False,False,False,False,False,xf,False,False,False,False,False,False,False,True,False,False,False,False,False,False,False,False,False,False,False,False,False,jaguar
50,0,jaguar xk,102.0,191.7,70.6,47.8,3950,ohcv,twelve,326,mpfi,3.54,2.76,11.5,262,5000,13,17,36000.0,True,False,True,False,False,True,False,False,True,False,137.40458015267177,9.113924050632912,False,False,False,False,False,False,False,True,False,False,False,False,False,False,False,False,False,False,False,False,False,False,False,False,False,xk,False,False,False,False,False,False,False,True,False,False,False,False,False,False,False,False,False,False,False,False,False,jaguar
51,1,mazda rx3,93.1,159.1,64.2,54.1,1890,ohc,four,91,2bbl,3.03,3.15,9.0,68,5000,30,31,5195.0,True,False,True,False,True,False,False,True,False,False,76.3970588235294,2.748677248677249,False,False,False,False,False,False,False,False,True,False,False,False,False,False,False,False,False,False,False,False,False,False,False,False,False,rx3,False,False,False,False,False,False,False,False,True,False,False,False,False,False,False,False,False,False,False,False,False,mazda
52,1,mazda glc deluxe,93.1,159.1,64.2,54.1,1900,ohc,four,91,2bbl,3.03,3.15,9.0,68,5000,31,38,6095.0,True,False,True,False,True,False,False,True,False,False,89.63235294117646,3.207894736842105,False,False,False,False,False,False,False,False,True,False,False,False,False,False,False,False,False,False,False,False,False,False,False,False,False,glc deluxe,False,False,False,False,False,False,False,False,True,False,False,False,False,False,False,False,False,False,False,False,False,mazda
53,1,mazda rx2 coupe,93.1,159.1,64.2,54.1,1905,ohc,four,91,2bbl,3.03,3.15,9.0,68,5000,31,38,6795.0,True,False,True,False,True,False,False,True,False,False,99.92647058823529,3.5669291338582676,False,False,False,False,False,False,False,False,True,False,False,False,False,False,False,False,False,False,False,False,False,False,False,False,False,rx2 coupe,False,False,False,False,False,False,False,False,True,False,False,False,False,False,False,False,False,False,False,False,False,mazda
54,1,mazda rx-4,93.1,166.8,64.2,54.1,1945,ohc,four,91,2bbl,3.03,3.15,9.0,68,5000,31,38,6695.0,True,False,False,False,False,True,False,True,False,False,98.45588235294117,3.442159383033419,False,False,False,False,False,False,False,False,True,False,False,False,False,False,False,False,False,False,False,False,False,False,False,False,False,rx-4,False,False,False,False,False,False,False,False,True,False,False,False,False,False,False,False,False,False,False,False,False,mazda
55,1,mazda glc deluxe,93.1,166.8,64.2,54.1,1950,ohc,four,91,2bbl,3.08,3.15,9.0,68,5000,31,38,7395.0,True,False,False,False,False,True,False,True,False,False,108.75,3.792307692307692,False,False,False,False,False,False,False,False,True,False,False,False,False,False,False,False,False,False,False,False,False,False,False,False,False,glc deluxe,False,False,False,False,False,False,False,False,True,False,False,False,False,False,False,False,False,False,False,False,False,mazda
56,3,mazda 626,95.3,169.0,65.7,49.6,2380,rotor,two,70,4bbl,3.33,3.255,9.4,101,6000,17,23,10945.0,True,False,True,False,True,False,False,False,True,False,108.36633663366337,4.598739495798319,False,False,False,False,False,False,False,False,True,False,False,False,False,False,False,False,False,False,False,False,False,False,False,False,False,626,False,False,False,False,False,False,False,False,True,False,False,False,False,False,False,False,False,False,False,False,False,mazda
57,3,mazda glc,95.3,169.0,65.7,49.6,2380,rotor,two,70,4bbl,3.33,3.255,9.4,101,6000,17,23,11845.0,True,False,True,False,True,False,False,False,True,False,117.27722772277228,4.976890756302521,False,False,False,False,False,False,False,False,True,False,False,False,False,False,False,False,False,False,False,False,False,False,False,False,False,glc,False,False,False,False,False,False,False,False,True,False,False,False,False,False,False,False,False,False,False,False,False,mazda
58,3,mazda rx-7 gs,95.3,169.0,65.7,49.6,2385,rotor,two,70,4bbl,3.33,3.255,9.4,101,6000,17,23,13645.0,True,False,True,False,True,False,False,False,True,False,135.0990099009901,5.721174004192872,False,False,False,False,False,False,False,False,True,False,False,False,False,False,False,False,False,False,False,False,False,False,False,False,False,rx-7 gs,False,False,False,False,False,False,False,False,True,False,False,False,False,False,False,False,False,False,False,False,False,mazda
59,3,mazda glc 4,95.3,169.0,65.7,49.6,2500,rotor,two,80,mpfi,3.33,3.255,9.4,135,6000,16,23,15645.0,True,False,True,False,True,False,False,False,True,False,115.88888888888889,6.258,False,False,False,False,False,False,False,False,True,False,False,False,False,False,False,False,False,False,False,False,False,False,False,False,False,glc 4,False,False,False,False,False,False,False,False,True,False,False,False,False,False,False,False,False,False,False,False,False,mazda
60,1,mazda 626,98.8,177.8,66.5,53.7,2385,ohc,four,122,2bbl,3.39,3.39,8.6,84,4800,26,32,8845.0,True,False,True,False,True,False,False,True,False,False,105.29761904761905,3.708595387840671,False,False,False,False,False,False,False,False,True,False,False,False,False,False,False,False,False,False,False,False,False,False,False,False,False,626,False,False,False,False,False,False,False,False,True,False,False,False,False,False,False,False,False,False,False,False,False,mazda
61,0,mazda glc custom l,98.8,177.8,66.5,55.5,2410,ohc,four,122,2bbl,3.39,3.39,8.6,84,4800,26,32,8495.0,True,False,False,False,False,True,False,True,False,False,101.13095238095238,3.524896265560166,False,False,False,False,False,False,False,False,True,False,False,False,False,False,False,False,False,False,False,False,False,False,False,False,False,glc custom l,False,False,False,False,False,False,False,False,True,False,False,False,False,False,False,False,False,False,False,False,False,mazda
62,1,mazda glc custom,98.8,177.8,66.5,53.7,2385,ohc,four,122,2bbl,3.39,3.39,8.6,84,4800,26,32,10595.0,True,False,True,False,True,False,False,True,False,False,126.13095238095238,4.4423480083857445,False,False,False,False,False,False,False,False,True,False,False,False,False,False,False,False,False,False,False,False,False,False,False,False,False,glc custom,False,False,False,False,False,False,False,False,True,False,False,False,False,False,False,False,False,False,False,False,False,mazda
63,0,mazda rx-4,98.8,177.8,66.5,55.5,2410,ohc,four,122,2bbl,3.39,3.39,8.6,84,4800,26,32,10245.0,True,False,False,False,False,True,False,True,False,False,121.96428571428571,4.25103734439834,False,False,False,False,False,False,False,False,True,False,False,False,False,False,False,False,False,False,False,False,False,False,False,False,False,rx-4,False,False,False,False,False,False,False,False,True,False,False,False,False,False,False,False,False,False,False,False,False,mazda
64,0,mazda glc deluxe,98.8,177.8,66.5,55.5,2443,ohc,four,122,idi,3.39,3.39,22.7,64,4650,36,42,10795.0,False,False,False,False,False,True,False,True,False,False,168.671875,4.418747441670078,False,False,False,False,False,False,False,False,True,False,False,False,False,False,False,False,False,False,False,False,False,False,False,False,False,glc deluxe,False,False,False,False,False,False,False,False,True,False,False,False,False,False,False,False,False,False,False,False,False,mazda
65,0,mazda 626,98.8,177.8,66.5,55.5,2425,ohc,four,122,2bbl,3.39,3.39,8.6,84,4800,26,32,11245.0,True,False,False,False,True,False,False,True,False,False,133.86904761904762,4.637113402061856,False,False,False,False,False,False,False,False,True,False,False,False,False,False,False,False,False,False,False,False,False,False,False,False,False,626,False,False,False,False,False,False,False,False,True,False,False,False,False,False,False,False,False,False,False,False,False,mazda
66,0,mazda glc,104.9,175.0,66.1,54.4,2670,ohc,four,140,mpfi,3.76,3.16,8.0,120,5000,19,27,18280.0,True,False,False,False,False,True,False,False,True,False,152.33333333333334,6.846441947565543,False,False,False,False,False,False,False,False,True,False,False,False,False,False,False,False,False,False,False,False,False,False,False,False,False,glc,False,False,False,False,False,False,False,False,True,False,False,False,False,False,False,False,False,False,False,False,False,mazda
67,0,mazda rx-7 gs,104.9,175.0,66.1,54.4,2700,ohc,four,134,idi,3.43,3.64,22.0,72,4200,31,39,18344.0,False,False,False,False,False,True,False,False,True,False,254.77777777777777,6.794074074074074,False,False,False,False,False,False,False,False,True,False,False,False,False,False,False,False,False,False,False,False,False,False,False,False,False,rx-7 gs,False,False,False,False,False,False,False,False,True,False,False,False,False,False,False,False,False,False,False,False,False,mazda
68,-1,buick electra 225 custom,110.0,190.9,70.3,56.5,3515,ohc,five,183,idi,3.58,3.64,21.5,123,4350,22,25,25552.0,False,True,False,False,False,True,False,False,True,False,207.739837398374,7.269416785206259,False,False,True,False,False,False,False,False,False,False,False,False,False,False,False,False,False,False,False,False,False,False,False,False,False,electra 225 custom,False,False,True,False,False,False,False,False,False,False,False,False,False,False,False,False,False,False,False,False,False,buick
69,-1,buick century luxus (sw),110.0,190.9,70.3,58.7,3750,ohc,five,183,idi,3.58,3.64,21.5,123,4350,22,25,28248.0,False,True,False,False,False,False,True,False,True,False,229.65853658536585,7.5328,False,False,True,False,False,False,False,False,False,False,False,False,False,False,False,False,False,False,False,False,False,False,False,False,False,century luxus (sw),False,False,True,False,False,False,False,False,False,False,False,False,False,False,False,False,False,False,False,False,False,buick
70,0,buick century,106.7,187.5,70.3,54.9,3495,ohc,five,183,idi,3.58,3.64,21.5,123,4350,22,25,28176.0,False,True,True,True,False,False,False,False,True,False,229.0731707317073,8.061802575107295,False,False,True,False,False,False,False,False,False,False,False,False,False,False,False,False,False,False,False,False,False,False,False,False,False,century,False,False,True,False,False,False,False,False,False,False,False,False,False,False,False,False,False,False,False,False,False,buick
71,-1,buick skyhawk,115.6,202.6,71.7,56.3,3770,ohc,five,183,idi,3.58,3.64,21.5,123,4350,22,25,31600.0,False,True,False,False,False,True,False,False,True,False,256.9105691056911,8.381962864721485,False,False,True,False,False,False,False,False,False,False,False,False,False,False,False,False,False,False,False,False,False,False,False,False,False,skyhawk,False,False,True,False,False,False,False,False,False,False,False,False,False,False,False,False,False,False,False,False,False,buick
72,-1,buick opel isuzu deluxe,115.6,202.6,71.7,56.5,3740,ohcv,eight,234,mpfi,3.46,3.1,8.3,155,4750,16,18,34184.0,True,False,False,False,False,True,False,False,True,False,220.54193548387096,9.140106951871658,False,False,True,False,False,False,False,False,False,False,False,False,False,False,False,False,False,False,False,False,False,False,False,False,False,opel isuzu deluxe,False,False,True,False,False,False,False,False,False,False,False,False,False,False,False,False,False,False,False,False,False,buick
73,3,buick skylark,96.6,180.3,70.5,50.8,3685,ohcv,eight,234,mpfi,3.46,3.1,8.3,155,4750,16,18,35056.0,True,False,True,False,False,False,False,False,True,False,226.16774193548386,9.513161465400271,False,False,True,False,False,False,False,False,False,False,False,False,False,False,False,False,False,False,False,False,False,False,False,False,False,skylark,False,False,True,False,False,False,False,False,False,False,False,False,False,False,False,False,False,False,False,False,False,buick
74,0,buick century special,120.9,208.1,71.7,56.7,3900,ohcv,eight,308,mpfi,3.8,3.35,8.0,184,4500,14,16,40960.0,True,False,False,False,False,True,False,False,True,False,222.6086956521739,10.502564102564103,False,False,True,False,False,False,False,False,False,False,False,False,False,False,False,False,False,False,False,False,False,False,False,False,False,century special,False,False,True,False,False,False,False,False,False,False,False,False,False,False,False,False,False,False,False,False,False,buick
75,1,buick regal sport coupe (turbo),112.0,199.2,72.0,55.4,3715,ohcv,eight,304,mpfi,3.8,3.35,8.0,184,4500,14,16,45400.0,True,False,True,True,False,False,False,False,True,False,246.7391304347826,12.220726783310901,False,False,True,False,False,False,False,False,False,False,False,False,False,False,False,False,False,False,False,False,False,False,False,False,False,regal sport coupe (turbo),False,False,True,False,False,False,False,False,False,False,False,False,False,False,False,False,False,False,False,False,False,buick
76,1,mercury cougar,102.7,178.4,68.0,54.8,2910,ohc,four,140,mpfi,3.78,3.12,8.0,175,5000,19,24,16503.0,True,True,True,False,True,False,False,False,True,False,94.30285714285715,5.671134020618557,False,False,False,False,False,False,False,False,False,True,False,False,False,False,False,False,False,False,False,False,False,False,False,False,False,cougar,False,False,False,False,False,False,False,False,False,True,False,False,False,False,False,False,False,False,False,False,False,mercury
77,2,mitsubishi mirage,93.7,157.3,64.4,50.8,1918,ohc,four,92,2bbl,2.97,3.23,9.4,68,5500,37,41,5389.0,True,False,True,False,True,False,False,True,False,False,79.25,2.8096976016684048,False,False,False,False,False,False,False,False,False,False,True,False,False,False,False,False,False,False,False,False,False,False,False,False,False,mirage,False,False,False,False,False,False,False,False,False,False,True,False,False,False,False,False,False,False,False,False,False,mitsubishi
78,2,mitsubishi lancer,93.7,157.3,64.4,50.8,1944,ohc,four,92,2bbl,2.97,3.23,9.4,68,5500,31,38,6189.0,True,False,True,False,True,False,False,True,False,False,91.01470588235294,3.183641975308642,False,False,False,False,False,False,False,False,False,False,True,False,False,False,False,False,False,False,False,False,False,False,False,False,False,lancer,False,False,False,False,False,False,False,False,False,False,True,False,False,False,False,False,False,False,False,False,False,mitsubishi
79,2,mitsubishi outlander,93.7,157.3,64.4,50.8,2004,ohc,four,92,2bbl,2.97,3.23,9.4,68,5500,31,38,6669.0,True,False,True,False,True,False,False,True,False,False,98.07352941176471,3.3278443113772456,False,False,False,False,False,False,False,False,False,False,True,False,False,False,False,False,False,False,False,False,False,False,False,False,False,outlander,False,False,False,False,False,False,False,False,False,False,True,False,False,False,False,False,False,False,False,False,False,mitsubishi
80,1,mitsubishi g4,93.0,157.3,63.8,50.8,2145,ohc,four,98,spdi,3.03,3.39,7.6,102,5500,24,30,7689.0,True,True,True,False,True,False,False,True,False,False,75.38235294117646,3.5846153846153848,False,False,False,False,False,False,False,False,False,False,True,False,False,False,False,False,False,False,False,False,False,False,False,False,False,g4,False,False,False,False,False,False,False,False,False,False,True,False,False,False,False,False,False,False,False,False,False,mitsubishi
81,3,mitsubishi mirage g4,96.3,173.0,65.4,49.4,2370,ohc,four,110,spdi,3.17,3.46,7.5,116,5500,23,30,9959.0,True,True,True,False,True,False,False,True,False,False,85.85344827586206,4.20210970464135,False,False,False,False,False,False,False,False,False,False,True,False,False,False,False,False,False,False,False,False,False,False,False,False,False,mirage g4,False,False,False,False,False,False,False,False,False,False,True,False,False,False,False,False,False,False,False,False,False,mitsubishi
82,3,mitsubishi g4,96.3,173.0,65.4,49.4,2328,ohc,four,122,2bbl,3.35,3.46,8.5,88,5000,25,32,8499.0,True,False,True,False,True,False,False,True,False,False,96.57954545454545,3.6507731958762886,False,False,False,False,False,False,False,False,False,False,True,False,False,False,False,False,False,False,False,False,False,False,False,False,False,g4,False,False,False,False,False,False,False,False,False,False,True,False,False,False,False,False,False,False,False,False,False,mitsubishi
83,3,mitsubishi outlander,95.9,173.2,66.3,50.2,2833,ohc,four,156,spdi,3.58,3.86,7.0,145,5000,19,24,12629.0,True,True,True,False,True,False,False,True,False,False,87.09655172413792,4.457818566890222,False,False,False,False,False,False,False,False,False,False,True,False,False,False,False,False,False,False,False,False,False,False,False,False,False,outlander,False,False,False,False,False,False,False,False,False,False,True,False,False,False,False,False,False,False,False,False,False,mitsubishi
84,3,mitsubishi g4,95.9,173.2,66.3,50.2,2921,ohc,four,156,spdi,3.59,3.86,7.0,145,5000,19,24,14869.0,True,True,True,False,True,False,False,True,False,False,102.54482758620689,5.09038000684697,False,False,False,False,False,False,False,False,False,False,True,False,False,False,False,False,False,False,False,False,False,False,False,False,False,g4,False,False,False,False,False,False,False,False,False,False,True,False,False,False,False,False,False,False,False,False,False,mitsubishi
85,3,mitsubishi mirage g4,95.9,173.2,66.3,50.2,2926,ohc,four,156,spdi,3.59,3.86,7.0,145,5000,19,24,14489.0,True,True,True,False,True,False,False,True,False,False,99.92413793103448,4.9518113465481886,False,False,False,False,False,False,False,False,False,False,True,False,False,False,False,False,False,False,False,False,False,False,False,False,False,mirage g4,False,False,False,False,False,False,False,False,False,False,True,False,False,False,False,False,False,False,False,False,False,mitsubishi
86,1,mitsubishi montero,96.3,172.4,65.4,51.6,2365,ohc,four,122,2bbl,3.35,3.46,8.5,88,5000,25,32,6989.0,True,False,False,False,False,True,False,True,False,False,79.42045454545455,2.9551797040169134,False,False,False,False,False,False,False,False,False,False,True,False,False,False,False,False,False,False,False,False,False,False,False,False,False,montero,False,False,False,False,False,False,False,False,False,False,True,False,False,False,False,False,False,False,False,False,False,mitsubishi
87,1,mitsubishi pajero,96.3,172.4,65.4,51.6,2405,ohc,four,122,2bbl,3.35,3.46,8.5,88,5000,25,32,8189.0,True,False,False,False,False,True,False,True,False,False,93.05681818181819,3.404989604989605,False,False,False,False,False,False,False,False,False,False,True,False,False,False,False,False,False,False,False,False,False,False,False,False,False,pajero,False,False,False,False,False,False,False,False,False,False,True,False,False,False,False,False,False,False,False,False,False,mitsubishi
88,1,mitsubishi outlander,96.3,172.4,65.4,51.6,2403,ohc,four,110,spdi,3.17,3.46,7.5,116,5500,23,30,9279.0,True,True,False,False,False,True,False,True,False,False,79.99137931034483,3.8614232209737827,False,False,False,False,False,False,False,False,False,False,True,False,False,False,False,False,False,False,False,False,False,False,False,False,False,outlander,False,False,False,False,False,False,False,False,False,False,True,False,False,False,False,False,False,False,False,False,False,mitsubishi
89,-1,mitsubishi mirage g4,96.3,172.4,65.4,51.6,2403,ohc,four,110,spdi,3.17,3.46,7.5,116,5500,23,30,9279.0,True,False,False,False,False,True,False,True,False,False,79.99137931034483,3.8614232209737827,False,False,False,False,False,False,False,False,False,False,True,False,False,False,False,False,False,False,False,False,False,False,False,False,False,mirage g4,False,False,False,False,False,False,False,False,False,False,True,False,False,False,False,False,False,False,False,False,False,mitsubishi
90,1,nissan versa,94.5,165.3,63.8,54.5,1889,ohc,four,97,2bbl,3.15,3.29,9.4,69,5200,31,37,5499.0,True,False,True,False,False,True,False,True,False,False,79.69565217391305,2.911064055055585,False,False,False,False,False,False,False,False,False,False,False,True,False,False,False,False,False,False,False,False,False,False,False,False,False,versa,False,False,False,False,False,False,False,False,False,False,False,True,False,False,False,False,False,False,False,False,False,nissan
91,1,nissan gt-r,94.5,165.3,63.8,54.5,2017,ohc,four,103,idi,2.99,3.47,21.9,55,4800,45,50,7099.0,False,False,True,False,False,True,False,True,False,False,129.07272727272726,3.5195835399107587,False,False,False,False,False,False,False,False,False,False,False,True,False,False,False,False,False,False,False,False,False,False,False,False,False,gt-r,False,False,False,False,False,False,False,False,False,False,False,True,False,False,False,False,False,False,False,False,False,nissan
92,1,nissan rogue,94.5,165.3,63.8,54.5,1918,ohc,four,97,2bbl,3.15,3.29,9.4,69,5200,31,37,6649.0,True,False,True,False,False,True,False,True,False,False,96.3623188405797,3.4666319082377477,False,False,False,False,False,False,False,False,False,False,False,True,False,False,False,False,False,False,False,False,False,False,False,False,False,rogue,False,False,False,False,False,False,False,False,False,False,False,True,False,False,False,False,False,False,False,False,False,nissan
93,1,nissan latio,94.5,165.3,63.8,54.5,1938,ohc,four,97,2bbl,3.15,3.29,9.4,69,5200,31,37,6849.0,True,False,False,False,False,True,False,True,False,False,99.26086956521739,3.5340557275541795,False,False,False,False,False,False,False,False,False,False,False,True,False,False,False,False,False,False,False,False,False,False,False,False,False,latio,False,False,False,False,False,False,False,False,False,False,False,True,False,False,False,False,False,False,False,False,False,nissan
94,1,nissan titan,94.5,170.2,63.8,53.5,2024,ohc,four,97,2bbl,3.15,3.29,9.4,69,5200,31,37,7349.0,True,False,False,False,False,False,True,True,False,False,106.5072463768116,3.630928853754941,False,False,False,False,False,False,False,False,False,False,False,True,False,False,False,False,False,False,False,False,False,False,False,False,False,titan,False,False,False,False,False,False,False,False,False,False,False,True,False,False,False,False,False,False,False,False,False,nissan
95,1,nissan leaf,94.5,165.3,63.8,54.5,1951,ohc,four,97,2bbl,3.15,3.29,9.4,69,5200,31,37,7299.0,True,False,True,False,False,True,False,True,False,False,105.78260869565217,3.7411583803177857,False,False,False,False,False,False,False,False,False,False,False,True,False,False,False,False,False,False,False,False,False,False,False,False,False,leaf,False,False,False,False,False,False,False,False,False,False,False,True,False,False,False,False,False,False,False,False,False,nissan
96,1,nissan juke,94.5,165.6,63.8,53.3,2028,ohc,four,97,2bbl,3.15,3.29,9.4,69,5200,31,37,7799.0,True,False,True,False,True,False,False,True,False,False,113.02898550724638,3.8456607495069033,False,False,False,False,False,False,False,False,False,False,False,True,False,False,False,False,False,False,False,False,False,False,False,False,False,juke,False,False,False,False,False,False,False,False,False,False,False,True,False,False,False,False,False,False,False,False,False,nissan
97,1,nissan latio,94.5,165.3,63.8,54.5,1971,ohc,four,97,2bbl,3.15,3.29,9.4,69,5200,31,37,7499.0,True,False,False,False,False,True,False,True,False,False,108.68115942028986,3.80466768138001,False,False,False,False,False,False,False,False,False,False,False,True,False,False,False,False,False,False,False,False,False,False,False,False,False,latio,False,False,False,False,False,False,False,False,False,False,False,True,False,False,False,False,False,False,False,False,False,nissan
98,1,nissan note,94.5,170.2,63.8,53.5,2037,ohc,four,97,2bbl,3.15,3.29,9.4,69,5200,31,37,7999.0,True,False,False,False,False,False,True,True,False,False,115.92753623188406,3.926853215513009,False,False,False,False,False,False,False,False,False,False,False,True,False,False,False,False,False,False,False,False,False,False,False,False,False,note,False,False,False,False,False,False,False,False,False,False,False,True,False,False,False,False,False,False,False,False,False,nissan
99,2,nissan clipper,95.1,162.4,63.8,53.3,2008,ohc,four,97,2bbl,3.15,3.29,9.4,69,5200,31,37,8249.0,True,False,True,True,False,False,False,True,False,False,119.55072463768116,4.108067729083666,False,False,False,False,False,False,False,False,False,False,False,True,False,False,False,False,False,False,False,False,False,False,False,False,False,clipper,False,False,False,False,False,False,False,False,False,False,False,True,False,False,False,False,False,False,False,False,False,nissan
100,0,nissan rogue,97.2,173.4,65.2,54.7,2324,ohc,four,120,2bbl,3.33,3.47,8.5,97,5200,27,34,8949.0,True,False,False,False,True,False,False,True,False,False,92.25773195876289,3.8506884681583475,False,False,False,False,False,False,False,False,False,False,False,True,False,False,False,False,False,False,False,False,False,False,False,False,False,rogue,False,False,False,False,False,False,False,False,False,False,False,True,False,False,False,False,False,False,False,False,False,nissan
101,0,nissan nv200,97.2,173.4,65.2,54.7,2302,ohc,four,120,2bbl,3.33,3.47,8.5,97,5200,27,34,9549.0,True,False,False,False,False,True,False,True,False,False,98.44329896907216,4.148132059079062,False,False,False,False,False,False,False,False,False,False,False,True,False,False,False,False,False,False,False,False,False,False,False,False,False,nv200,False,False,False,False,False,False,False,False,False,False,False,True,False,False,False,False,False,False,False,False,False,nissan
102,0,nissan dayz,100.4,181.7,66.5,55.1,3095,ohcv,six,181,mpfi,3.43,3.27,9.0,152,5200,17,22,13499.0,True,False,False,False,False,True,False,True,False,False,88.8092105263158,4.361550888529887,False,False,False,False,False,False,False,False,False,False,False,True,False,False,False,False,False,False,False,False,False,False,False,False,False,dayz,False,False,False,False,False,False,False,False,False,False,False,True,False,False,False,False,False,False,False,False,False,nissan
103,0,nissan fuga,100.4,184.6,66.5,56.1,3296,ohcv,six,181,mpfi,3.43,3.27,9.0,152,5200,17,22,14399.0,True,False,False,False,False,False,True,True,False,False,94.73026315789474,4.368628640776699,False,False,False,False,False,False,False,False,False,False,False,True,False,False,False,False,False,False,False,False,False,False,False,False,False,fuga,False,False,False,False,False,False,False,False,False,False,False,True,False,False,False,False,False,False,False,False,False,nissan
104,0,nissan otti,100.4,184.6,66.5,55.1,3060,ohcv,six,181,mpfi,3.43,3.27,9.0,152,5200,19,25,13499.0,True,False,False,False,False,True,False,True,False,False,88.8092105263158,4.411437908496732,False,False,False,False,False,False,False,False,False,False,False,True,False,False,False,False,False,False,False,False,False,False,False,False,False,otti,False,False,False,False,False,False,False,False,False,False,False,True,False,False,False,False,False,False,False,False,False,nissan
105,3,nissan teana,91.3,170.7,67.9,49.7,3071,ohcv,six,181,mpfi,3.43,3.27,9.0,160,5200,19,25,17199.0,True,False,True,False,True,False,False,False,True,False,107.49375,5.600455877564311,False,False,False,False,False,False,False,False,False,False,False,True,False,False,False,False,False,False,False,False,False,False,False,False,False,teana,False,False,False,False,False,False,False,False,False,False,False,True,False,False,False,False,False,False,False,False,False,nissan
106,3,nissan kicks,91.3,170.7,67.9,49.7,3139,ohcv,six,181,mpfi,3.43,3.27,7.8,200,5200,17,23,19699.0,True,True,True,False,True,False,False,False,True,False,98.495,6.275565466709143,False,False,False,False,False,False,False,False,False,False,False,True,False,False,False,False,False,False,False,False,False,False,False,False,False,kicks,False,False,False,False,False,False,False,False,False,False,False,True,False,False,False,False,False,False,False,False,False,nissan
107,1,nissan clipper,99.2,178.5,67.9,49.7,3139,ohcv,six,181,mpfi,3.43,3.27,9.0,160,5200,19,25,18399.0,True,False,True,False,True,False,False,False,True,False,114.99375,5.86142083466072,False,False,False,False,False,False,False,False,False,False,False,True,False,False,False,False,False,False,False,False,False,False,False,False,False,clipper,False,False,False,False,False,False,False,False,False,False,False,True,False,False,False,False,False,False,False,False,False,nissan
108,0,peugeot 504,107.9,186.7,68.4,56.7,3020,l,four,120,mpfi,3.46,3.19,8.4,97,5000,19,24,11900.0,True,False,False,False,False,True,False,False,True,False,122.68041237113403,3.9403973509933774,False,False,False,False,False,False,False,False,False,False,False,False,True,False,False,False,False,False,False,False,False,False,False,False,False,504,False,False,False,False,False,False,False,False,False,False,False,False,True,False,False,False,False,False,False,False,False,peugeot
109,0,peugeot 304,107.9,186.7,68.4,56.7,3197,l,four,152,idi,3.7,3.52,21.0,95,4150,28,33,13200.0,False,True,False,False,False,True,False,False,True,False,138.94736842105263,4.128870816390366,False,False,False,False,False,False,False,False,False,False,False,False,True,False,False,False,False,False,False,False,False,False,False,False,False,304,False,False,False,False,False,False,False,False,False,False,False,False,True,False,False,False,False,False,False,False,False,peugeot
110,0,peugeot 504 (sw),114.2,198.9,68.4,58.7,3230,l,four,120,mpfi,3.46,3.19,8.4,97,5000,19,24,12440.0,True,False,False,False,False,False,True,False,True,False,128.24742268041237,3.8513931888544892,False,False,False,False,False,False,False,False,False,False,False,False,True,False,False,False,False,False,False,False,False,False,False,False,False,504 (sw),False,False,False,False,False,False,False,False,False,False,False,False,True,False,False,False,False,False,False,False,False,peugeot
111,0,peugeot 504,114.2,198.9,68.4,58.7,3430,l,four,152,idi,3.7,3.52,21.0,95,4150,25,25,13860.0,False,True,False,False,False,False,True,False,True,False,145.89473684210526,4.040816326530612,False,False,False,False,False,False,False,False,False,False,False,False,True,False,False,False,False,False,False,False,False,False,False,False,False,504,False,False,False,False,False,False,False,False,False,False,False,False,True,False,False,False,False,False,False,False,False,peugeot
112,0,peugeot 504,107.9,186.7,68.4,56.7,3075,l,four,120,mpfi,3.46,2.19,8.4,95,5000,19,24,15580.0,True,False,False,False,False,True,False,False,True,False,164.0,5.066666666666666,False,False,False,False,False,False,False,False,False,False,False,False,True,False,False,False,False,False,False,False,False,False,False,False,False,504,False,False,False,False,False,False,False,False,False,False,False,False,True,False,False,False,False,False,False,False,False,peugeot
113,0,peugeot 604sl,107.9,186.7,68.4,56.7,3252,l,four,152,idi,3.7,3.52,21.0,95,4150,28,33,16900.0,False,True,False,False,False,True,False,False,True,False,177.89473684210526,5.19680196801968,False,False,False,False,False,False,False,False,False,False,False,False,True,False,False,False,False,False,False,False,False,False,False,False,False,604sl,False,False,False,False,False,False,False,False,False,False,False,False,True,False,False,False,False,False,False,False,False,peugeot
114,0,peugeot 504,114.2,198.9,68.4,56.7,3285,l,four,120,mpfi,3.46,2.19,8.4,95,5000,19,24,16695.0,True,False,False,False,False,False,True,False,True,False,175.73684210526315,5.082191780821918,False,False,False,False,False,False,False,False,False,False,False,False,True,False,False,False,False,False,False,False,False,False,False,False,False,504,False,False,False,False,False,False,False,False,False,False,False,False,True,False,False,False,False,False,False,False,False,peugeot
115,0,peugeot 505s turbo diesel,114.2,198.9,68.4,58.7,3485,l,four,152,idi,3.7,3.52,21.0,95,4150,25,25,17075.0,False,True,False,False,False,False,True,False,True,False,179.73684210526315,4.899569583931133,False,False,False,False,False,False,False,False,False,False,False,False,True,False,False,False,False,False,False,False,False,False,False,False,False,505s turbo diesel,False,False,False,False,False,False,False,False,False,False,False,False,True,False,False,False,False,False,False,False,False,peugeot
116,0,peugeot 504,107.9,186.7,68.4,56.7,3075,l,four,120,mpfi,3.46,3.19,8.4,97,5000,19,24,16630.0,True,False,False,False,False,True,False,False,True,False,171.44329896907217,5.408130081300813,False,False,False,False,False,False,False,False,False,False,False,False,True,False,False,False,False,False,False,False,False,False,False,False,False,504,False,False,False,False,False,False,False,False,False,False,False,False,True,False,False,False,False,False,False,False,False,peugeot
117,0,peugeot 504,107.9,186.7,68.4,56.7,3252,l,four,152,idi,3.7,3.52,21.0,95,4150,28,33,17950.0,False,True,False,False,False,True,False,False,True,False,188.94736842105263,5.519680196801968,False,False,False,False,False,False,False,False,False,False,False,False,True,False,False,False,False,False,False,False,False,False,False,False,False,504,False,False,False,False,False,False,False,False,False,False,False,False,True,False,False,False,False,False,False,False,False,peugeot
118,0,peugeot 604sl,108.0,186.7,68.3,56.0,3130,l,four,134,mpfi,3.61,3.21,7.0,142,5600,18,24,18150.0,True,True,False,False,False,True,False,False,True,False,127.8169014084507,5.798722044728435,False,False,False,False,False,False,False,False,False,False,False,False,True,False,False,False,False,False,False,False,False,False,False,False,False,604sl,False,False,False,False,False,False,False,False,False,False,False,False,True,False,False,False,False,False,False,False,False,peugeot
119,1,plymouth fury iii,93.7,157.3,63.8,50.8,1918,ohc,four,90,2bbl,2.97,3.23,9.4,68,5500,37,41,5572.0,True,False,True,False,True,False,False,True,False,False,81.94117647058823,2.9051094890510947,False,False,False,False,False,False,False,False,False,False,False,False,False,True,False,False,False,False,False,False,False,False,False,False,False,fury iii,False,False,False,False,False,False,False,False,False,False,False,False,False,True,False,False,False,False,False,False,False,plymouth
120,1,plymouth cricket,93.7,157.3,63.8,50.8,2128,ohc,four,98,spdi,3.03,3.39,7.6,102,5500,24,30,7957.0,True,True,True,False,True,False,False,True,False,False,78.00980392156863,3.7391917293233083,False,False,False,False,False,False,False,False,False,False,False,False,False,True,False,False,False,False,False,False,False,False,False,False,False,cricket,False,False,False,False,False,False,False,False,False,False,False,False,False,True,False,False,False,False,False,False,False,plymouth
121,1,plymouth fury iii,93.7,157.3,63.8,50.6,1967,ohc,four,90,2bbl,2.97,3.23,9.4,68,5500,31,38,6229.0,True,False,False,False,True,False,False,True,False,False,91.6029411764706,3.166751398068124,False,False,False,False,False,False,False,False,False,False,False,False,False,True,False,False,False,False,False,False,False,False,False,False,False,fury iii,False,False,False,False,False,False,False,False,False,False,False,False,False,True,False,False,False,False,False,False,False,plymouth
122,1,plymouth satellite custom (sw),93.7,167.3,63.8,50.8,1989,ohc,four,90,2bbl,2.97,3.23,9.4,68,5500,31,38,6692.0,True,False,False,False,False,True,False,True,False,False,98.41176470588235,3.364504776269482,False,False,False,False,False,False,False,False,False,False,False,False,False,True,False,False,False,False,False,False,False,False,False,False,False,satellite custom (sw),False,False,False,False,False,False,False,False,False,False,False,False,False,True,False,False,False,False,False,False,False,plymouth
123,1,plymouth fury gran sedan,93.7,167.3,63.8,50.8,2191,ohc,four,98,2bbl,2.97,3.23,9.4,68,5500,31,38,7609.0,True,False,False,False,False,True,False,True,False,False,111.8970588235294,3.472843450479233,False,False,False,False,False,False,False,False,False,False,False,False,False,True,False,False,False,False,False,False,False,False,False,False,False,fury gran sedan,False,False,False,False,False,False,False,False,False,False,False,False,False,True,False,False,False,False,False,False,False,plymouth
124,-1,plymouth valiant,103.3,174.6,64.6,59.8,2535,ohc,four,122,2bbl,3.35,3.46,8.5,88,5000,24,30,8921.0,True,False,False,False,False,False,True,True,False,False,101.375,3.5191321499013806,False,False,False,False,False,False,False,False,False,False,False,False,False,True,False,False,False,False,False,False,False,False,False,False,False,valiant,False,False,False,False,False,False,False,False,False,False,False,False,False,True,False,False,False,False,False,False,False,plymouth
125,3,plymouth duster,95.9,173.2,66.3,50.2,2818,ohc,four,156,spdi,3.59,3.86,7.0,145,5000,19,24,12764.0,True,True,True,False,True,False,False,False,True,False,88.02758620689656,4.529453513129879,False,False,False,False,False,False,False,False,False,False,False,False,False,True,False,False,False,False,False,False,False,False,False,False,False,duster,False,False,False,False,False,False,False,False,False,False,False,False,False,True,False,False,False,False,False,False,False,plymouth
126,3,porsche macan,94.5,168.9,68.3,50.2,2778,ohc,four,151,mpfi,3.94,3.11,9.5,143,5500,19,27,22018.0,True,False,True,False,True,False,False,False,True,False,153.97202797202797,7.925845932325414,False,False,False,False,False,False,False,False,False,False,False,False,False,False,False,True,False,False,False,False,False,False,False,False,False,macan,False,False,False,False,False,False,False,False,False,False,False,False,False,False,True,False,False,False,False,False,False,porsche
127,3,porsche panamera,89.5,168.9,65.0,51.6,2756,ohcf,six,194,mpfi,3.74,2.9,9.5,207,5900,17,25,32528.0,True,False,True,True,False,False,False,False,True,True,157.1400966183575,11.802612481857764,False,False,False,False,False,False,False,False,False,False,False,False,False,False,True,False,False,False,False,False,False,False,False,False,False,panamera,False,False,False,False,False,False,False,False,False,False,False,False,False,False,True,False,False,False,False,False,False,porsche
128,3,porsche cayenne,89.5,168.9,65.0,51.6,2756,ohcf,six,194,mpfi,3.74,2.9,9.5,207,5900,17,25,34028.0,True,False,True,True,False,False,False,False,True,True,164.38647342995168,12.34687953555878,False,False,False,False,False,False,False,False,False,False,False,False,False,False,False,True,False,False,False,False,False,False,False,False,False,cayenne,False,False,False,False,False,False,False,False,False,False,False,False,False,False,True,False,False,False,False,False,False,porsche
129,3,porsche boxter,89.5,168.9,65.0,51.6,2800,ohcf,six,194,mpfi,3.74,2.9,9.5,207,5900,17,25,37028.0,True,False,True,False,False,False,False,False,True,True,178.87922705314008,13.224285714285715,False,False,False,False,False,False,False,False,False,False,False,False,False,False,False,True,False,False,False,False,False,False,False,False,False,boxter,False,False,False,False,False,False,False,False,False,False,False,False,False,False,True,False,False,False,False,False,False,porsche
130,1,porsche cayenne,98.4,175.7,72.3,50.5,3366,dohcv,eight,203,mpfi,3.94,3.11,10.0,288,5750,17,28,31400.5,True,False,True,False,True,False,False,False,True,False,109.02951388888889,9.328728461081402,False,False,False,False,False,False,False,False,False,False,False,False,False,False,False,True,False,False,False,False,False,False,False,False,False,cayenne,False,False,False,False,False,False,False,False,False,False,False,False,False,False,True,False,False,False,False,False,False,porsche
131,0,renault 12tl,96.1,181.5,66.5,55.2,2579,ohc,four,132,mpfi,3.46,3.9,8.7,90,5100,23,31,9295.0,True,False,False,False,False,False,True,True,False,False,103.27777777777777,3.6041101202016286,False,False,False,False,False,False,False,False,False,False,False,False,False,False,False,False,True,False,False,False,False,False,False,False,False,12tl,False,False,False,False,False,False,False,False,False,False,False,False,False,False,False,True,False,False,False,False,False,renault
132,2,renault 5 gtl,96.1,176.8,66.6,50.5,2460,ohc,four,132,mpfi,3.46,3.9,8.7,90,5100,23,31,9895.0,True,False,True,False,True,False,False,True,False,False,109.94444444444444,4.022357723577236,False,False,False,False,False,False,False,False,False,False,False,False,False,False,False,False,True,False,False,False,False,False,False,False,False,5 gtl,False,False,False,False,False,False,False,False,False,False,False,False,False,False,False,True,False,False,False,False,False,renault
133,3,saab 99e,99.1,186.6,66.5,56.1,2658,ohc,four,121,mpfi,3.54,3.07,9.31,110,5250,21,28,11850.0,True,False,True,False,True,False,False,True,False,False,107.72727272727273,4.45823927765237,False,False,False,False,False,False,False,False,False,False,False,False,False,False,False,False,False,True,False,False,False,False,False,False,False,99e,False,False,False,False,False,False,False,False,False,False,False,False,False,False,False,False,True,False,False,False,False,saab
134,2,saab 99le,99.1,186.6,66.5,56.1,2695,ohc,four,121,mpfi,3.54,3.07,9.3,110,5250,21,28,12170.0,True,False,False,False,False,True,False,True,False,False,110.63636363636364,4.515769944341373,False,False,False,False,False,False,False,False,False,False,False,False,False,False,False,False,False,True,False,False,False,False,False,False,False,99le,False,False,False,False,False,False,False,False,False,False,False,False,False,False,False,False,True,False,False,False,False,saab
135,3,saab 99le,99.1,186.6,66.5,56.1,2707,ohc,four,121,mpfi,2.54,2.07,9.3,110,5250,21,28,15040.0,True,False,True,False,True,False,False,True,False,False,136.72727272727272,5.55596601403768,False,False,False,False,False,False,False,False,False,False,False,False,False,False,False,False,False,True,False,False,False,False,False,False,False,99le,False,False,False,False,False,False,False,False,False,False,False,False,False,False,False,False,True,False,False,False,False,saab
136,2,saab 99gle,99.1,186.6,66.5,56.1,2758,ohc,four,121,mpfi,3.54,3.07,9.3,110,5250,21,28,15510.0,True,False,False,False,False,True,False,True,False,False,141.0,5.623640319071791,False,False,False,False,False,False,False,False,False,False,False,False,False,False,False,False,False,True,False,False,False,False,False,False,False,99gle,False,False,False,False,False,False,False,False,False,False,False,False,False,False,False,False,True,False,False,False,False,saab
137,3,saab 99gle,99.1,186.6,66.5,56.1,2808,dohc,four,121,mpfi,3.54,3.07,9.0,160,5500,19,26,18150.0,True,True,True,False,True,False,False,True,False,False,113.4375,6.463675213675214,False,False,False,False,False,False,False,False,False,False,False,False,False,False,False,False,False,True,False,False,False,False,False,False,False,99gle,False,False,False,False,False,False,False,False,False,False,False,False,False,False,False,False,True,False,False,False,False,saab
138,2,saab 99e,99.1,186.6,66.5,56.1,2847,dohc,four,121,mpfi,3.54,3.07,9.0,160,5500,19,26,18620.0,True,True,False,False,False,True,False,True,False,False,116.375,6.5402177730944855,False,False,False,False,False,False,False,False,False,False,False,False,False,False,False,False,False,True,False,False,False,False,False,False,False,99e,False,False,False,False,False,False,False,False,False,False,False,False,False,False,False,False,True,False,False,False,False,saab
139,2,,93.7,156.9,63.4,53.7,2050,ohcf,four,97,2bbl,3.62,2.36,9.0,69,4900,31,36,5118.0,True,False,True,False,True,False,False,True,False,False,74.17391304347827,2.4965853658536585,False,False,False,False,False,False,False,False,False,False,False,False,False,False,False,False,False,False,True,False,False,False,False,False,False,,False,False,False,False,False,False,False,False,False,False,False,False,False,False,False,False,False,False,False,False,False,
140,2,subaru dl,93.7,157.9,63.6,53.7,2120,ohcf,four,108,2bbl,3.62,2.64,8.7,73,4400,26,31,7053.0,True,False,True,False,True,False,False,True,False,False,96.61643835616438,3.32688679245283,False,False,False,False,False,False,False,False,False,False,False,False,False,False,False,False,False,False,True,False,False,False,False,False,False,dl,False,False,False,False,False,False,False,False,False,False,False,False,False,False,False,False,False,True,False,False,False,subaru
141,2,subaru dl,93.3,157.3,63.8,55.7,2240,ohcf,four,108,2bbl,3.62,2.64,8.7,73,4400,26,31,7603.0,True,False,True,False,True,False,False,False,False,False,104.15068493150685,3.3941964285714286,False,False,False,False,False,False,False,False,False,False,False,False,False,False,False,False,False,False,True,False,False,False,False,False,False,dl,False,False,False,False,False,False,False,False,False,False,False,False,False,False,False,False,False,True,False,False,False,subaru
142,0,,97.2,172.0,65.4,52.5,2145,ohcf,four,108,2bbl,3.62,2.64,9.5,82,4800,32,37,7126.0,True,False,False,False,False,True,False,True,False,False,86.90243902439025,3.322144522144522,False,False,False,False,False,False,False,False,False,False,False,False,False,False,False,False,False,False,True,False,False,False,False,False,False,,False,False,False,False,False,False,False,False,False,False,False,False,False,False,False,False,False,False,False,False,False,
143,0,subaru brz,97.2,172.0,65.4,52.5,2190,ohcf,four,108,2bbl,3.62,2.64,9.5,82,4400,28,33,7775.0,True,False,False,False,False,True,False,True,False,False,94.8170731707317,3.550228310502283,False,False,False,False,False,False,False,False,False,False,False,False,False,False,False,False,False,False,True,False,False,False,False,False,False,brz,False,False,False,False,False,False,False,False,False,False,False,False,False,False,False,False,False,True,False,False,False,subaru
144,0,subaru baja,97.2,172.0,65.4,52.5,2340,ohcf,four,108,mpfi,3.62,2.64,9.0,94,5200,26,32,9960.0,True,False,False,False,False,True,False,True,False,False,105.95744680851064,4.256410256410256,False,False,False,False,False,False,False,False,False,False,False,False,False,False,False,False,False,False,True,False,False,False,False,False,False,baja,False,False,False,False,False,False,False,False,False,False,False,False,False,False,False,False,False,True,False,False,False,subaru
145,0,subaru r1,97.0,172.0,65.4,54.3,2385,ohcf,four,108,2bbl,3.62,2.64,9.0,82,4800,24,25,9233.0,True,False,False,False,False,True,False,False,False,False,112.59756097560975,3.871278825995807,False,False,False,False,False,False,False,False,False,False,False,False,False,False,False,False,False,False,True,False,False,False,False,False,False,r1,False,False,False,False,False,False,False,False,False,False,False,False,False,False,False,False,False,True,False,False,False,subaru
146,0,subaru r2,97.0,172.0,65.4,54.3,2510,ohcf,four,108,mpfi,3.62,2.64,7.7,111,4800,24,29,11259.0,True,True,False,False,False,True,False,False,False,False,101.43243243243244,4.485657370517928,False,False,False,False,False,False,False,False,False,False,False,False,False,False,False,False,False,False,True,False,False,False,False,False,False,r2,False,False,False,False,False,False,False,False,False,False,False,False,False,False,False,False,False,True,False,False,False,subaru
147,0,subaru trezia,97.0,173.5,65.4,53.0,2290,ohcf,four,108,2bbl,3.62,2.64,9.0,82,4800,28,32,7463.0,True,False,False,False,False,False,True,True,False,False,91.01219512195122,3.2589519650655023,False,False,False,False,False,False,False,False,False,False,False,False,False,False,False,False,False,False,True,False,False,False,False,False,False,trezia,False,False,False,False,False,False,False,False,False,False,False,False,False,False,False,False,False,True,False,False,False,subaru
148,0,subaru tribeca,97.0,173.5,65.4,53.0,2455,ohcf,four,108,mpfi,3.62,2.64,9.0,94,5200,25,31,10198.0,True,False,False,False,False,False,True,True,False,False,108.48936170212765,4.15397148676171,False,False,False,False,False,False,False,False,False,False,False,False,False,False,False,False,False,False,True,False,False,False,False,False,False,tribeca,False,False,False,False,False,False,False,False,False,False,False,False,False,False,False,False,False,True,False,False,False,subaru
149,0,subaru dl,96.9,173.6,65.4,54.9,2420,ohcf,four,108,2bbl,3.62,2.64,9.0,82,4800,23,29,8013.0,True,False,False,False,False,False,True,False,False,False,97.71951219512195,3.3111570247933884,False,False,False,False,False,False,False,False,False,False,False,False,False,False,False,False,False,False,True,False,False,False,False,False,False,dl,False,False,False,False,False,False,False,False,False,False,False,False,False,False,False,False,False,True,False,False,False,subaru
150,0,subaru dl,96.9,173.6,65.4,54.9,2650,ohcf,four,108,mpfi,3.62,2.64,7.7,111,4800,23,23,11694.0,True,True,False,False,False,False,True,False,False,False,105.35135135135135,4.412830188679245,False,False,False,False,False,False,False,False,False,False,False,False,False,False,False,False,False,False,True,False,False,False,False,False,False,dl,False,False,False,False,False,False,False,False,False,False,False,False,False,False,False,False,False,True,False,False,False,subaru
151,1,toyota corona mark ii,95.7,158.7,63.6,54.5,1985,ohc,four,92,2bbl,3.05,3.03,9.0,62,4800,35,39,5348.0,True,False,True,False,True,False,False,True,False,False,86.25806451612904,2.694206549118388,False,False,False,False,False,False,False,False,False,False,False,False,False,False,False,False,False,False,False,True,False,False,False,False,False,corona mark ii,False,False,False,False,False,False,False,False,False,False,False,False,False,False,False,False,False,False,True,False,False,toyota
152,1,toyota corona,95.7,158.7,63.6,54.5,2040,ohc,four,92,2bbl,3.05,3.03,9.0,62,4800,31,38,6338.0,True,False,True,False,True,False,False,True,False,False,102.2258064516129,3.1068627450980393,False,False,False,False,False,False,False,False,False,False,False,False,False,False,False,False,False,False,False,True,False,False,False,False,False,corona,False,False,False,False,False,False,False,False,False,False,False,False,False,False,False,False,False,False,True,False,False,toyota
153,1,toyota corolla 1200,95.7,158.7,63.6,54.5,2015,ohc,four,92,2bbl,3.05,3.03,9.0,62,4800,31,38,6488.0,True,False,False,False,True,False,False,True,False,False,104.64516129032258,3.21985111662531,False,False,False,False,False,False,False,False,False,False,False,False,False,False,False,False,False,False,False,True,False,False,False,False,False,corolla 1200,False,False,False,False,False,False,False,False,False,False,False,False,False,False,False,False,False,False,True,False,False,toyota
154,0,toyota corona hardtop,95.7,169.7,63.6,59.1,2280,ohc,four,92,2bbl,3.05,3.03,9.0,62,4800,31,37,6918.0,True,False,False,False,False,False,True,True,False,False,111.58064516129032,3.0342105263157895,False,False,False,False,False,False,False,False,False,False,False,False,False,False,False,False,False,False,False,True,False,False,False,False,False,corona hardtop,False,False,False,False,False,False,False,False,False,False,False,False,False,False,False,False,False,False,True,False,False,toyota
155,0,toyota corolla 1600 (sw),95.7,169.7,63.6,59.1,2290,ohc,four,92,2bbl,3.05,3.03,9.0,62,4800,27,32,7898.0,True,False,False,False,False,False,True,False,False,False,127.38709677419355,3.4489082969432316,False,False,False,False,False,False,False,False,False,False,False,False,False,False,False,False,False,False,False,True,False,False,False,False,False,corolla 1600 (sw),False,False,False,False,False,False,False,False,False,False,False,False,False,False,False,False,False,False,True,False,False,toyota
156,0,toyota carina,95.7,169.7,63.6,59.1,3110,ohc,four,92,2bbl,3.05,3.03,9.0,62,4800,27,32,8778.0,True,False,False,False,False,False,True,False,False,False,141.58064516129033,2.822508038585209,False,False,False,False,False,False,False,False,False,False,False,False,False,False,False,False,False,False,False,True,False,False,False,False,False,carina,False,False,False,False,False,False,False,False,False,False,False,False,False,False,False,False,False,False,True,False,False,toyota
157,0,toyota mark ii,95.7,166.3,64.4,53.0,2081,ohc,four,98,2bbl,3.19,3.03,9.0,70,4800,30,37,6938.0,True,False,False,False,False,True,False,True,False,False,99.11428571428571,3.3339740509370497,False,False,False,False,False,False,False,False,False,False,False,False,False,False,False,False,False,False,False,True,False,False,False,False,False,mark ii,False,False,False,False,False,False,False,False,False,False,False,False,False,False,False,False,False,False,True,False,False,toyota
158,0,toyota corolla 1200,95.7,166.3,64.4,52.8,2109,ohc,four,98,2bbl,3.19,3.03,9.0,70,4800,30,37,7198.0,True,False,False,False,True,False,False,True,False,False,102.82857142857142,3.412991939307729,False,False,False,False,False,False,False,False,False,False,False,False,False,False,False,False,False,False,False,True,False,False,False,False,False,corolla 1200,False,False,False,False,False,False,False,False,False,False,False,False,False,False,False,False,False,False,True,False,False,toyota
159,0,toyota corona,95.7,166.3,64.4,53.0,2275,ohc,four,110,idi,3.27,3.35,22.5,56,4500,34,36,7898.0,False,False,False,False,False,True,False,True,False,False,141.03571428571428,3.471648351648352,False,False,False,False,False,False,False,False,False,False,False,False,False,False,False,False,False,False,False,True,False,False,False,False,False,corona,False,False,False,False,False,False,False,False,False,False,False,False,False,False,False,False,False,False,True,False,False,toyota
160,0,toyota corolla,95.7,166.3,64.4,52.8,2275,ohc,four,110,idi,3.27,3.35,22.5,56,4500,38,47,7788.0,False,False,False,False,True,False,False,True,False,False,139.07142857142858,3.423296703296703,False,False,False,False,False,False,False,False,False,False,False,False,False,False,False,False,False,False,False,True,False,False,False,False,False,corolla,False,False,False,False,False,False,False,False,False,False,False,False,False,False,False,False,False,False,True,False,False,toyota
161,0,toyota corona,95.7,166.3,64.4,53.0,2094,ohc,four,98,2bbl,3.19,3.03,9.0,70,4800,38,47,7738.0,True,False,False,False,False,True,False,True,False,False,110.54285714285714,3.6953199617956063,False,False,False,False,False,False,False,False,False,False,False,False,False,False,False,False,False,False,False,True,False,False,False,False,False,corona,False,False,False,False,False,False,False,False,False,False,False,False,False,False,False,False,False,False,True,False,False,toyota
162,0,toyota corolla,95.7,166.3,64.4,52.8,2122,ohc,four,98,2bbl,3.19,3.03,9.0,70,4800,28,34,8358.0,True,False,False,False,True,False,False,True,False,False,119.4,3.938737040527804,False,False,False,False,False,False,False,False,False,False,False,False,False,False,False,False,False,False,False,True,False,False,False,False,False,corolla,False,False,False,False,False,False,False,False,False,False,False,False,False,False,False,False,False,False,True,False,False,toyota
163,0,toyota mark ii,95.7,166.3,64.4,52.8,2140,ohc,four,98,2bbl,3.19,3.03,9.0,70,4800,28,34,9258.0,True,False,False,False,False,True,False,True,False,False,132.25714285714287,4.326168224299066,False,False,False,False,False,False,False,False,False,False,False,False,False,False,False,False,False,False,False,True,False,False,False,False,False,mark ii,False,False,False,False,False,False,False,False,False,False,False,False,False,False,False,False,False,False,True,False,False,toyota
164,1,toyota corolla liftback,94.5,168.7,64.0,52.6,2169,ohc,four,98,2bbl,3.19,3.03,9.0,70,4800,29,34,8058.0,True,False,True,False,False,True,False,False,True,False,115.11428571428571,3.715076071922545,False,False,False,False,False,False,False,False,False,False,False,False,False,False,False,False,False,False,False,True,False,False,False,False,False,corolla liftback,False,False,False,False,False,False,False,False,False,False,False,False,False,False,False,False,False,False,True,False,False,toyota
165,1,toyota corona,94.5,168.7,64.0,52.6,2204,ohc,four,98,2bbl,3.19,3.03,9.0,70,4800,29,34,8238.0,True,False,True,False,True,False,False,False,True,False,117.68571428571428,3.737749546279492,False,False,False,False,False,False,False,False,False,False,False,False,False,False,False,False,False,False,False,True,False,False,False,False,False,corona,False,False,False,False,False,False,False,False,False,False,False,False,False,False,False,False,False,False,True,False,False,toyota
166,1,toyota celica gt liftback,94.5,168.7,64.0,52.6,2265,dohc,four,98,mpfi,3.24,3.08,9.4,112,6600,26,29,9298.0,True,False,True,False,False,True,False,False,True,False,83.01785714285714,4.105077262693157,False,False,False,False,False,False,False,False,False,False,False,False,False,False,False,False,False,False,False,True,False,False,False,False,False,celica gt liftback,False,False,False,False,False,False,False,False,False,False,False,False,False,False,False,False,False,False,True,False,False,toyota
167,1,toyota corolla tercel,94.5,168.7,64.0,52.6,2300,dohc,four,98,mpfi,3.24,3.08,9.4,112,6600,26,29,9538.0,True,False,True,False,True,False,False,False,True,False,85.16071428571429,4.14695652173913,False,False,False,False,False,False,False,False,False,False,False,False,False,False,False,False,False,False,False,True,False,False,False,False,False,corolla tercel,False,False,False,False,False,False,False,False,False,False,False,False,False,False,False,False,False,False,True,False,False,toyota
168,2,toyota corona liftback,98.4,176.2,65.6,52.0,2540,ohc,four,146,mpfi,3.62,3.5,9.3,116,4800,24,30,8449.0,True,False,True,True,False,False,False,False,True,False,72.83620689655173,3.3263779527559056,False,False,False,False,False,False,False,False,False,False,False,False,False,False,False,False,False,False,False,True,False,False,False,False,False,corona liftback,False,False,False,False,False,False,False,False,False,False,False,False,False,False,False,False,False,False,True,False,False,toyota
169,2,toyota corolla,98.4,176.2,65.6,52.0,2536,ohc,four,146,mpfi,3.62,3.5,9.3,116,4800,24,30,9639.0,True,False,True,True,False,False,False,False,True,False,83.09482758620689,3.8008675078864353,False,False,False,False,False,False,False,False,False,False,False,False,False,False,False,False,False,False,False,True,False,False,False,False,False,corolla,False,False,False,False,False,False,False,False,False,False,False,False,False,False,False,False,False,False,True,False,False,toyota
170,2,toyota starlet,98.4,176.2,65.6,52.0,2551,ohc,four,146,mpfi,3.62,3.5,9.3,116,4800,24,30,9989.0,True,False,True,False,True,False,False,False,True,False,86.11206896551724,3.915719325754606,False,False,False,False,False,False,False,False,False,False,False,False,False,False,False,False,False,False,False,True,False,False,False,False,False,starlet,False,False,False,False,False,False,False,False,False,False,False,False,False,False,False,False,False,False,True,False,False,toyota
171,2,toyota tercel,98.4,176.2,65.6,52.0,2679,ohc,four,146,mpfi,3.62,3.5,9.3,116,4800,24,30,11199.0,True,False,True,True,False,False,False,False,True,False,96.54310344827586,4.180291153415453,False,False,False,False,False,False,False,False,False,False,False,False,False,False,False,False,False,False,False,True,False,False,False,False,False,tercel,False,False,False,False,False,False,False,False,False,False,False,False,False,False,False,False,False,False,True,False,False,toyota
172,2,toyota corolla,98.4,176.2,65.6,52.0,2714,ohc,four,146,mpfi,3.62,3.5,9.3,116,4800,24,30,11549.0,True,False,True,False,True,False,False,False,True,False,99.5603448275862,4.255342667649226,False,False,False,False,False,False,False,False,False,False,False,False,False,False,False,False,False,False,False,True,False,False,False,False,False,corolla,False,False,False,False,False,False,False,False,False,False,False,False,False,False,False,False,False,False,True,False,False,toyota
173,2,toyota cressida,98.4,176.2,65.6,53.0,2975,ohc,four,146,mpfi,3.62,3.5,9.3,116,4800,24,30,17669.0,True,False,True,False,False,False,False,False,True,False,152.31896551724137,5.939159663865547,False,False,False,False,False,False,False,False,False,False,False,False,False,False,False,False,False,False,False,True,False,False,False,False,False,cressida,False,False,False,False,False,False,False,False,False,False,False,False,False,False,False,False,False,False,True,False,False,toyota
174,-1,toyota corolla,102.4,175.6,66.5,54.9,2326,ohc,four,122,mpfi,3.31,3.54,8.7,92,4200,29,34,8948.0,True,False,False,False,False,True,False,True,False,False,97.26086956521739,3.8469475494411007,False,False,False,False,False,False,False,False,False,False,False,False,False,False,False,False,False,False,False,True,False,False,False,False,False,corolla,False,False,False,False,False,False,False,False,False,False,False,False,False,False,False,False,False,False,True,False,False,toyota
175,-1,toyota celica gt,102.4,175.6,66.5,54.9,2480,ohc,four,110,idi,3.27,3.35,22.5,73,4500,30,33,10698.0,False,True,False,False,False,True,False,True,False,False,146.54794520547946,4.313709677419355,False,False,False,False,False,False,False,False,False,False,False,False,False,False,False,False,False,False,False,True,False,False,False,False,False,celica gt,False,False,False,False,False,False,False,False,False,False,False,False,False,False,False,False,False,False,True,False,False,toyota
176,-1,toyota corona,102.4,175.6,66.5,53.9,2414,ohc,four,122,mpfi,3.31,3.54,8.7,92,4200,27,32,9988.0,True,False,False,False,True,False,False,True,False,False,108.56521739130434,4.137531068765535,False,False,False,False,False,False,False,False,False,False,False,False,False,False,False,False,False,False,False,True,False,False,False,False,False,corona,False,False,False,False,False,False,False,False,False,False,False,False,False,False,False,False,False,False,True,False,False,toyota
177,-1,toyota corolla,102.4,175.6,66.5,54.9,2414,ohc,four,122,mpfi,3.31,3.54,8.7,92,4200,27,32,10898.0,True,False,False,False,False,True,False,True,False,False,118.45652173913044,4.514498757249378,False,False,False,False,False,False,False,False,False,False,False,False,False,False,False,False,False,False,False,True,False,False,False,False,False,corolla,False,False,False,False,False,False,False,False,False,False,False,False,False,False,False,False,False,False,True,False,False,toyota
178,-1,toyota mark ii,102.4,175.6,66.5,53.9,2458,ohc,four,122,mpfi,3.31,3.54,8.7,92,4200,27,32,11248.0,True,False,False,False,True,False,False,True,False,False,122.26086956521739,4.576078112286412,False,False,False,False,False,False,False,False,False,False,False,False,False,False,False,False,False,False,False,True,False,False,False,False,False,mark ii,False,False,False,False,False,False,False,False,False,False,False,False,False,False,False,False,False,False,True,False,False,toyota
179,3,toyota corolla liftback,102.9,183.5,67.7,52.0,2976,dohc,six,171,mpfi,3.27,3.35,9.3,161,5200,20,24,16558.0,True,False,True,False,True,False,False,False,True,False,102.84472049689441,5.563844086021505,False,False,False,False,False,False,False,False,False,False,False,False,False,False,False,False,False,False,False,True,False,False,False,False,False,corolla liftback,False,False,False,False,False,False,False,False,False,False,False,False,False,False,False,False,False,False,True,False,False,toyota
180,3,toyota corona,102.9,183.5,67.7,52.0,3016,dohc,six,171,mpfi,3.27,3.35,9.3,161,5200,19,24,15998.0,True,False,True,False,True,False,False,False,True,False,99.36645962732919,5.304376657824934,False,False,False,False,False,False,False,False,False,False,False,False,False,False,False,False,False,False,False,True,False,False,False,False,False,corona,False,False,False,False,False,False,False,False,False,False,False,False,False,False,False,False,False,False,True,False,False,toyota
181,-1,toyota starlet,104.5,187.8,66.5,54.1,3131,dohc,six,171,mpfi,3.27,3.35,9.2,156,5200,20,24,15690.0,True,False,False,False,False,True,False,False,True,False,100.57692307692308,5.0111785372085595,False,False,False,False,False,False,False,False,False,False,False,False,False,False,False,False,False,False,False,True,False,False,False,False,False,starlet,False,False,False,False,False,False,False,False,False,False,False,False,False,False,False,False,False,False,True,False,False,toyota
182,-1,toyota tercel,104.5,187.8,66.5,54.1,3151,dohc,six,161,mpfi,3.27,3.35,9.2,156,5200,19,24,15750.0,True,False,False,False,False,False,True,False,True,False,100.96153846153847,4.998413202158045,False,False,False,False,False,False,False,False,False,False,False,False,False,False,False,False,False,False,False,False,True,False,False,False,False,tercel,False,False,False,False,False,False,False,False,False,False,False,False,False,False,False,False,False,False,True,False,False,toyota
183,2,volkswagen rabbit,97.3,171.7,65.5,55.7,2261,ohc,four,97,idi,3.01,3.4,23.0,52,4800,37,46,7775.0,False,False,True,False,False,True,False,True,False,False,149.51923076923077,3.4387439186200797,False,False,False,False,False,False,False,False,False,False,False,False,False,False,False,False,False,False,False,False,False,True,False,False,False,rabbit,False,False,False,False,False,False,False,False,False,False,False,False,False,False,False,False,False,False,False,True,False,volkswagen
184,2,volkswagen 1131 deluxe sedan,97.3,171.7,65.5,55.7,2209,ohc,four,109,mpfi,3.19,3.4,9.0,85,5250,27,34,7975.0,True,False,True,False,False,True,False,True,False,False,93.82352941176471,3.610230873698506,False,False,False,False,False,False,False,False,False,False,False,False,False,False,False,False,False,False,False,False,False,False,True,False,False,1131 deluxe sedan,False,False,False,False,False,False,False,False,False,False,False,False,False,False,False,False,False,False,False,True,False,volkswagen
185,2,volkswagen model 111,97.3,171.7,65.5,55.7,2264,ohc,four,97,idi,3.01,3.4,23.0,52,4800,37,46,7995.0,False,False,False,False,False,True,False,True,False,False,153.75,3.5313604240282683,False,False,False,False,False,False,False,False,False,False,False,False,False,False,False,False,False,False,False,False,False,False,True,False,False,model 111,False,False,False,False,False,False,False,False,False,False,False,False,False,False,False,False,False,False,False,True,False,volkswagen
186,2,volkswagen type 3,97.3,171.7,65.5,55.7,2212,ohc,four,109,mpfi,3.19,3.4,9.0,85,5250,27,34,8195.0,True,False,False,False,False,True,False,True,False,False,96.41176470588235,3.7047920433996384,False,False,False,False,False,False,False,False,False,False,False,False,False,False,False,False,False,False,False,False,False,False,True,False,False,type 3,False,False,False,False,False,False,False,False,False,False,False,False,False,False,False,False,False,False,False,True,False,volkswagen
187,2,volkswagen 411 (sw),97.3,171.7,65.5,55.7,2275,ohc,four,109,mpfi,3.19,3.4,9.0,85,5250,27,34,8495.0,True,False,False,False,False,True,False,True,False,False,99.94117647058823,3.734065934065934,False,False,False,False,False,False,False,False,False,False,False,False,False,False,False,False,False,False,False,False,False,False,True,False,False,411 (sw),False,False,False,False,False,False,False,False,False,False,False,False,False,False,False,False,False,False,False,True,False,volkswagen
188,2,volkswagen super beetle,97.3,171.7,65.5,55.7,2319,ohc,four,97,idi,3.01,3.4,23.0,68,4500,37,42,9495.0,False,True,False,False,False,True,False,True,False,False,139.63235294117646,4.0944372574385515,False,False,False,False,False,False,False,False,False,False,False,False,False,False,False,False,False,False,False,False,False,False,True,False,False,super beetle,False,False,False,False,False,False,False,False,False,False,False,False,False,False,False,False,False,False,False,True,False,volkswagen
189,2,volkswagen dasher,97.3,171.7,65.5,55.7,2300,ohc,four,109,mpfi,3.19,3.4,10.0,100,5500,26,32,9995.0,True,False,False,False,False,True,False,True,False,False,99.95,4.345652173913043,False,False,False,False,False,False,False,False,False,False,False,False,False,False,False,False,False,False,False,False,False,False,True,False,False,dasher,False,False,False,False,False,False,False,False,False,False,False,False,False,False,False,False,False,False,False,True,False,volkswagen
190,3,volkswagen dasher,94.5,159.3,64.2,55.6,2254,ohc,four,109,mpfi,3.19,3.4,8.5,90,5500,24,29,11595.0,True,False,True,False,False,False,False,True,False,False,128.83333333333334,5.14418811002662,False,False,False,False,False,False,False,False,False,False,False,False,False,False,False,False,False,False,False,False,False,False,False,False,True,dasher,False,False,False,False,False,False,False,False,False,False,False,False,False,False,False,False,False,False,False,True,False,volkswagen
191,3,volkswagen rabbit,94.5,165.7,64.0,51.4,2221,ohc,four,109,mpfi,3.19,3.4,8.5,90,5500,24,29,9980.0,True,False,True,False,True,False,False,True,False,False,110.88888888888889,4.493471409275101,False,False,False,False,False,False,False,False,False,False,False,False,False,False,False,False,False,False,False,False,False,False,False,False,True,rabbit,False,False,False,False,False,False,False,False,False,False,False,False,False,False,False,False,False,False,False,True,False,volkswagen
192,0,volkswagen rabbit,100.4,180.2,66.9,55.1,2661,ohc,five,136,mpfi,3.19,3.4,8.5,110,5500,19,24,13295.0,True,False,False,False,False,True,False,True,False,False,120.86363636363636,4.996242014280345,False,False,False,False,False,False,False,False,False,False,False,False,False,False,False,False,False,False,False,False,False,False,True,False,False,rabbit,False,False,False,False,False,False,False,False,False,False,False,False,False,False,False,False,False,False,False,True,False,volkswagen
193,0,volkswagen rabbit custom,100.4,180.2,66.9,55.1,2579,ohc,four,97,idi,3.01,3.4,23.0,68,4500,33,38,13845.0,False,True,False,False,False,True,False,True,False,False,203.60294117647058,5.368359829391237,False,False,False,False,False,False,False,False,False,False,False,False,False,False,False,False,False,False,False,False,False,False,True,False,False,rabbit custom,False,False,False,False,False,False,False,False,False,False,False,False,False,False,False,False,False,False,False,True,False,volkswagen
194,0,volkswagen dasher,100.4,183.1,66.9,55.1,2563,ohc,four,109,mpfi,3.19,3.4,9.0,88,5500,25,31,12290.0,True,False,False,False,False,False,True,True,False,False,139.6590909090909,4.795161919625439,False,False,False,False,False,False,False,False,False,False,False,False,False,False,False,False,False,False,False,False,False,False,True,False,False,dasher,False,False,False,False,False,False,False,False,False,False,False,False,False,False,False,False,False,False,False,True,False,volkswagen
195,-2,volvo 145e (sw),104.3,188.8,67.2,56.2,2912,ohc,four,141,mpfi,3.78,3.15,9.5,114,5400,23,28,12940.0,True,False,False,False,False,True,False,False,True,False,113.50877192982456,4.443681318681318,False,False,False,False,False,False,False,False,False,False,False,False,False,False,False,False,False,False,False,False,False,False,False,True,False,145e (sw),False,False,False,False,False,False,False,False,False,False,False,False,False,False,False,False,False,False,False,False,True,volvo
196,-1,volvo 144ea,104.3,188.8,67.2,57.5,3034,ohc,four,141,mpfi,3.78,3.15,9.5,114,5400,23,28,13415.0,True,False,False,False,False,False,True,False,True,False,117.67543859649123,4.421555702043507,False,False,False,False,False,False,False,False,False,False,False,False,False,False,False,False,False,False,False,False,False,False,False,True,False,144ea,False,False,False,False,False,False,False,False,False,False,False,False,False,False,False,False,False,False,False,False,True,volvo
197,-2,volvo 244dl,104.3,188.8,67.2,56.2,2935,ohc,four,141,mpfi,3.78,3.15,9.5,114,5400,24,28,15985.0,True,False,False,False,False,True,False,False,True,False,140.21929824561403,5.4463373083475295,False,False,False,False,False,False,False,False,False,False,False,False,False,False,False,False,False,False,False,False,False,False,False,True,False,244dl,False,False,False,False,False,False,False,False,False,False,False,False,False,False,False,False,False,False,False,False,True,volvo
198,-1,volvo 245,104.3,188.8,67.2,57.5,3042,ohc,four,141,mpfi,3.78,3.15,9.5,114,5400,24,28,16515.0,True,False,False,False,False,False,True,False,True,False,144.8684210526316,5.428994082840236,False,False,False,False,False,False,False,False,False,False,False,False,False,False,False,False,False,False,False,False,False,False,False,True,False,245,False,False,False,False,False,False,False,False,False,False,False,False,False,False,False,False,False,False,False,False,True,volvo
199,-2,volvo 264gl,104.3,188.8,67.2,56.2,3045,ohc,four,130,mpfi,3.62,3.15,7.5,162,5100,17,22,18420.0,True,True,False,False,False,True,False,False,True,False,113.70370370370371,6.0492610837438425,False,False,False,False,False,False,False,False,False,False,False,False,False,False,False,False,False,False,False,False,False,False,False,True,False,264gl,False,False,False,False,False,False,False,False,False,False,False,False,False,False,False,False,False,False,False,False,True,volvo
200,-1,volvo diesel,104.3,188.8,67.2,57.5,3157,ohc,four,130,mpfi,3.62,3.15,7.5,162,5100,17,22,18950.0,True,True,False,False,False,False,True,False,True,False,116.9753086419753,6.002534051314539,False,False,False,False,False,False,False,False,False,False,False,False,False,False,False,False,False,False,False,False,False,False,False,True,False,diesel,False,False,False,False,False,False,False,False,False,False,False,False,False,False,False,False,False,False,False,False,True,volvo
201,-1,volvo 145e (sw),109.1,188.8,68.9,55.5,2952,ohc,four,141,mpfi,3.78,3.15,9.5,114,5400,23,28,16845.0,True,False,False,False,False,True,False,False,True,False,147.76315789473685,5.70630081300813,False,False,False,False,False,False,False,False,False,False,False,False,False,False,False,False,False,False,False,False,False,False,False,True,False,145e (sw),False,False,False,False,False,False,False,False,False,False,False,False,False,False,False,False,False,False,False,False,True,volvo
202,-1,volvo 144ea,109.1,188.8,68.8,55.5,3049,ohc,four,141,mpfi,3.78,3.15,8.7,160,5300,19,25,19045.0,True,True,False,False,False,True,False,False,True,False,119.03125,6.246310265660872,False,False,False,False,False,False,False,False,False,False,False,False,False,False,False,False,False,False,False,False,False,False,False,True,False,144ea,False,False,False,False,False,False,False,False,False,False,False,False,False,False,False,False,False,False,False,False,True,volvo
203,-1,volvo 244dl,109.1,188.8,68.9,55.5,3012,ohcv,six,173,mpfi,3.58,2.87,8.8,134,5500,18,23,21485.0,True,False,False,False,False,True,False,False,True,False,160.33582089552237,7.133134130146082,False,False,False,False,False,False,False,False,False,False,False,False,False,False,False,False,False,False,False,False,False,False,False,True,False,244dl,False,False,False,False,False,False,False,False,False,False,False,False,False,False,False,False,False,False,False,False,True,volvo
204,-1,volvo 246,109.1,188.8,68.9,55.5,3217,ohc,six,145,idi,3.01,3.4,23.0,106,4800,26,27,22470.0,False,True,False,False,False,True,False,False,True,False,211.9811320754717,6.984768417780541,False,False,False,False,False,False,False,False,False,False,False,False,False,False,False,False,False,False,False,False,False,False,False,True,False,246,False,False,False,False,False,False,False,False,False,False,False,False,False,False,False,False,False,False,False,False,True,volvo
205,-1,volvo 264gl,109.1,188.8,68.9,55.5,3062,ohc,four,141,mpfi,3.78,3.15,9.5,114,5400,19,25,22625.0,True,True,False,False,False,True,False,False,True,False,198.46491228070175,7.388961463096016,False,False,False,False,False,False,False,False,False,False,False,False,False,False,False,False,False,False,False,False,False,False,False,True,False,264gl,False,False,False,False,False,False,False,False,False,False,False,False,False,False,False,False,False,False,False,False,True,volvo
